shipment_id,origin_warehouse,destination_city,ship_date,delivery_date,product_id,quantity,freight_cost,delivery_id,carrier,status,delivery_duration_days,damage_flag,proof_of_delivery_status,claim_id,reason,amount_claimed,claim_status,claim_date,resolved_date,delay_duration,claim_aging_days,claim_open_duration,warehouse_id,stock_level,reorder_threshold,last_restock_date,next_restock_due,reorder_flags(needs_reorder),days_until_restock,restock_status
S00005,W006,Donnaport,2025-04-26,2025-05-01,P0100,38,196.76,D00004,Alexander LLC,LOST,5,0,Signed,C00288,Incorrect Delivery,330.78,REJECTED,2025-07-17,2025-07-20,On time,67,61-90 days old,W006,417.0,245.0,2025-08-21,2025-09-14,False,-9.0,Overdue Restock
S00005,W006,Donnaport,2025-04-26,2025-05-01,P0100,38,196.76,D00004,Alexander LLC,LOST,5,0,Signed,C00288,Incorrect Delivery,330.78,REJECTED,2025-07-17,2025-07-20,On time,67,61-90 days old,W006,564.0,174.0,2025-08-29,2025-09-25,False,2.0,Restock Within 7 Days
S00008,W001,West Madisonfort,2025-04-18,2025-04-26,P0019,65,467.55,D00007,Garcia Inc,IN TRANSIT,8,0,Missing,C00160,Damage,122.3,REJECTED,2025-06-28,2025-07-17,Delayed by 2 days,86,61-90 days old,W001,867.0,163.0,2025-08-27,2025-09-08,False,-15.0,Overdue Restock
S00008,W001,West Madisonfort,2025-04-18,2025-04-26,P0019,65,467.55,D00007,Garcia Inc,IN TRANSIT,8,0,Missing,C00160,Damage,122.3,REJECTED,2025-06-28,2025-07-17,Delayed by 2 days,86,61-90 days old,W001,649.0,108.0,2025-09-08,2025-09-22,False,-1.0,Overdue Restock
S00016,W004,Lindseychester,2025-08-04,2025-08-13,P0060,81,56.53,D00015,Bautista-Underwood,IN TRANSIT,9,1,Signed,C00180,Damage,527.13,REJECTED,2025-09-08,2025-09-21,Delayed by 3 days,14,0-30 days old,,,,,,False,,
S00016,W004,Lindseychester,2025-08-04,2025-08-13,P0060,81,56.53,D00015,Bautista-Underwood,IN TRANSIT,9,1,Signed,C00213,Lost Package,316.83,REJECTED,2025-07-21,2025-07-25,Delayed by 3 days,63,61-90 days old,,,,,,False,,
S00018,W004,Sheppardfort,2025-06-30,2025-07-04,P0074,11,238.0,D00017,Grimes and Sons,DELAYED,4,0,Signed,C00006,Lost Package,980.19,PENDING,2025-04-25,2025-05-08,On time,150,90+ days old,W004,472.0,217.0,2025-07-28,2025-08-11,False,-43.0,Overdue Restock
S00018,W004,Sheppardfort,2025-06-30,2025-07-04,P0074,11,238.0,D00017,Grimes and Sons,DELAYED,4,0,Signed,C00006,Lost Package,980.19,PENDING,2025-04-25,2025-05-08,On time,150,90+ days old,W004,655.0,256.0,2025-09-06,2025-09-13,False,-10.0,Overdue Restock
S00019,W001,South Kent,2025-05-26,2025-05-28,P0061,197,395.87,D00018,Cummings and Sons,LOST,2,0,Missing,C00273,Damage,157.03,APPROVED,2025-08-15,2025-08-23,On time,38,31-60 days old,W001,955.0,190.0,2025-07-31,2025-08-14,False,-40.0,Overdue Restock
S00026,W007,Hawkinsside,2025-05-13,2025-05-17,P0048,170,258.93,D00025,Torres Ltd,DELAYED,4,0,Pending,C00075,Damage,815.59,PENDING,2025-05-31,2025-06-15,On time,114,90+ days old,W007,659.0,178.0,2025-08-12,2025-08-25,False,-29.0,Overdue Restock
S00027,W001,Apriltown,2025-07-25,2025-07-28,P0050,186,199.81,D00026,Porter Ltd,DELAYED,3,1,Missing,C00093,Delay,520.54,REJECTED,2025-08-10,2025-08-25,On time,43,31-60 days old,W001,787.0,245.0,2025-08-03,2025-08-13,False,-41.0,Overdue Restock
S00027,W001,Apriltown,2025-07-25,2025-07-28,P0050,186,199.81,D00026,Porter Ltd,DELAYED,3,1,Missing,C00122,Lost Package,507.75,APPROVED,2025-05-04,2025-05-09,On time,141,90+ days old,W001,787.0,245.0,2025-08-03,2025-08-13,False,-41.0,Overdue Restock
S00030,W002,Natalieview,2025-05-24,2025-05-31,P0095,24,281.63,D00029,Nguyen-Johnson,LOST,7,1,Missing,C00169,Incorrect Delivery,217.77,APPROVED,2025-08-07,2025-08-16,Delayed by 1 day,46,31-60 days old,W002,77.0,244.0,2025-07-17,2025-07-26,True,-59.0,Overdue Restock
S00030,W002,Natalieview,2025-05-24,2025-05-31,P0095,24,281.63,D00029,Nguyen-Johnson,LOST,7,1,Missing,C00169,Incorrect Delivery,217.77,APPROVED,2025-08-07,2025-08-16,Delayed by 1 day,46,31-60 days old,W002,834.0,175.0,2025-07-17,2025-08-12,False,-42.0,Overdue Restock
S00033,W009,Williamsmouth,2025-07-23,2025-07-26,P0072,191,398.11,D00032,"Berry, Myers and James",DELIVERED,3,0,Pending,C00073,Damage,981.84,APPROVED,2025-06-30,2025-07-14,On time,84,61-90 days old,W009,879.0,289.0,2025-08-13,2025-09-12,False,-11.0,Overdue Restock
S00034,W003,North Julie,2025-05-02,2025-05-09,P0031,148,101.1,D00033,Brown-Hughes,DELIVERED,7,1,Pending,C00046,Delay,152.78,PENDING,2025-05-17,2025-06-06,Delayed by 1 day,128,90+ days old,W003,983.0,225.0,2025-07-12,2025-07-25,False,-60.0,Overdue Restock
S00034,W003,North Julie,2025-05-02,2025-05-09,P0031,148,101.1,D00033,Brown-Hughes,DELIVERED,7,1,Pending,C00046,Delay,152.78,PENDING,2025-05-17,2025-06-06,Delayed by 1 day,128,90+ days old,W003,531.0,226.0,2025-08-03,2025-08-16,False,-38.0,Overdue Restock
S00037,W005,West Terri,2025-06-05,2025-06-07,P0009,105,205.35,D00036,Garcia PLC,DELAYED,2,1,Missing,C00296,Lost Package,399.06,PENDING,2025-09-05,2025-09-17,On time,17,0-30 days old,,,,,,False,,
S00039,W009,East Scottchester,2025-08-01,2025-08-11,P0038,125,329.43,D00038,"Burns, Lopez and Jones",LOST,10,0,Pending,C00001,Damage,338.78,REJECTED,2025-06-03,2025-06-19,Delayed by 4 days,111,90+ days old,W009,774.0,243.0,2025-08-04,2025-08-28,False,-26.0,Overdue Restock
S00039,W009,East Scottchester,2025-08-01,2025-08-11,P0038,125,329.43,D00038,"Burns, Lopez and Jones",LOST,10,0,Pending,C00077,Damage,774.12,APPROVED,2025-06-22,2025-07-11,Delayed by 4 days,92,90+ days old,W009,774.0,243.0,2025-08-04,2025-08-28,False,-26.0,Overdue Restock
S00040,W002,Malonestad,2025-03-21,2025-03-26,P0059,32,86.08,D00039,Campbell-Hall,DELIVERED,5,0,Pending,C00054,Delay,123.98,REJECTED,2025-06-03,2025-06-17,On time,111,90+ days old,W002,920.0,281.0,2025-07-19,2025-08-10,False,-44.0,Overdue Restock
S00044,W009,North Stephen,2025-05-19,2025-05-23,P0061,98,239.06,D00043,"Barnes, Paul and Price",DELIVERED,4,0,Signed,C00057,Damage,565.17,REJECTED,2025-08-11,2025-08-23,On time,42,31-60 days old,,,,,,False,,
S00045,W001,West Micheal,2025-06-09,2025-06-15,P0025,26,59.92,D00044,Anderson and Sons,DELAYED,6,1,Missing,C00113,Lost Package,306.4,PENDING,2025-05-14,2025-05-23,On time,131,90+ days old,,,,,,False,,
S00049,W003,Port Patricia,2025-08-03,2025-08-09,P0022,76,152.05,D00048,"Stevens, Harris and Ritter",LOST,6,1,Signed,C00192,Damage,708.24,APPROVED,2025-06-19,2025-06-28,On time,95,90+ days old,W003,536.0,283.0,2025-08-05,2025-08-27,False,-27.0,Overdue Restock
S00049,W003,Port Patricia,2025-08-03,2025-08-09,P0022,76,152.05,D00048,"Stevens, Harris and Ritter",LOST,6,1,Signed,C00192,Damage,708.24,APPROVED,2025-06-19,2025-06-28,On time,95,90+ days old,W003,486.0,100.0,2025-08-31,2025-09-17,False,-6.0,Overdue Restock
S00049,W003,Port Patricia,2025-08-03,2025-08-09,P0022,76,152.05,D00048,"Stevens, Harris and Ritter",LOST,6,1,Signed,C00192,Damage,708.24,APPROVED,2025-06-19,2025-06-28,On time,95,90+ days old,W003,330.0,104.0,2025-08-21,2025-08-31,False,-23.0,Overdue Restock
S00056,W006,Rodneyfurt,2025-05-17,2025-05-21,P0048,124,292.94,D00055,Perry and Sons,IN TRANSIT,4,0,Signed,C00061,Incorrect Delivery,741.36,APPROVED,2025-09-02,2025-09-05,On time,20,0-30 days old,W006,39.0,137.0,2025-08-19,2025-09-14,True,-9.0,Overdue Restock
S00061,W005,Michelleview,2025-07-16,2025-07-20,P0073,196,458.1,D00060,"Carter, Hendricks and Wolfe",DELIVERED,4,1,Pending,C00053,Damage,817.53,REJECTED,2025-07-15,2025-07-19,On time,69,61-90 days old,W005,281.0,252.0,2025-08-19,2025-08-27,False,-27.0,Overdue Restock
S00061,W005,Michelleview,2025-07-16,2025-07-20,P0073,196,458.1,D00060,"Carter, Hendricks and Wolfe",DELIVERED,4,1,Pending,C00053,Damage,817.53,REJECTED,2025-07-15,2025-07-19,On time,69,61-90 days old,W005,258.0,286.0,2025-09-07,2025-09-14,True,-9.0,Overdue Restock
S00063,W001,North Linda,2025-07-05,2025-07-09,P0087,151,102.59,D00062,"Martinez, Wood and Campos",IN TRANSIT,4,0,Pending,C00217,Lost Package,993.89,APPROVED,2025-07-13,2025-07-29,On time,71,61-90 days old,W001,99.0,116.0,2025-08-01,2025-08-10,True,-44.0,Overdue Restock
S00067,W002,West Jessica,2025-04-23,2025-05-03,P0058,183,352.2,D00066,"Brady, James and Reese",LOST,10,1,Pending,C00049,Lost Package,498.53,REJECTED,2025-05-09,2025-05-21,Delayed by 4 days,136,90+ days old,W002,229.0,247.0,2025-09-01,2025-09-08,True,-15.0,Overdue Restock
S00067,W002,West Jessica,2025-04-23,2025-05-03,P0058,183,352.2,D00066,"Brady, James and Reese",LOST,10,1,Pending,C00049,Lost Package,498.53,REJECTED,2025-05-09,2025-05-21,Delayed by 4 days,136,90+ days old,W002,398.0,299.0,2025-08-16,2025-08-29,False,-25.0,Overdue Restock
S00067,W002,West Jessica,2025-04-23,2025-05-03,P0058,183,352.2,D00066,"Brady, James and Reese",LOST,10,1,Pending,C00123,Incorrect Delivery,110.45,REJECTED,2025-09-07,2025-09-18,Delayed by 4 days,15,0-30 days old,W002,229.0,247.0,2025-09-01,2025-09-08,True,-15.0,Overdue Restock
S00067,W002,West Jessica,2025-04-23,2025-05-03,P0058,183,352.2,D00066,"Brady, James and Reese",LOST,10,1,Pending,C00123,Incorrect Delivery,110.45,REJECTED,2025-09-07,2025-09-18,Delayed by 4 days,15,0-30 days old,W002,398.0,299.0,2025-08-16,2025-08-29,False,-25.0,Overdue Restock
S00069,W010,Meganside,2025-04-15,2025-04-25,P0008,180,212.48,D00068,Wilson-Stark,IN TRANSIT,10,0,Pending,C00177,Incorrect Delivery,124.97,PENDING,2025-04-14,2025-04-20,Delayed by 4 days,161,90+ days old,,,,,,False,,
S00073,W007,East Michaelport,2025-05-31,2025-06-09,P0037,51,412.55,D00072,Ruiz LLC,DELAYED,9,0,Signed,C00287,Incorrect Delivery,634.28,REJECTED,2025-07-22,2025-07-23,Delayed by 3 days,62,61-90 days old,W007,908.0,257.0,2025-07-11,2025-07-21,False,-64.0,Overdue Restock
S00078,W007,East Victoria,2025-05-16,2025-05-20,P0072,128,369.61,D00077,Howard-Robinson,IN TRANSIT,4,1,Signed,C00185,Delay,757.4,PENDING,2025-09-05,2025-09-07,On time,17,0-30 days old,,,,,,False,,
S00081,W009,South Marvinburgh,2025-05-10,2025-05-19,P0029,16,406.05,D00080,"Cain, Davidson and Moran",IN TRANSIT,9,1,Missing,C00071,Lost Package,626.63,REJECTED,2025-05-14,2025-05-22,Delayed by 3 days,131,90+ days old,W009,353.0,260.0,2025-07-23,2025-07-30,False,-55.0,Overdue Restock
S00081,W009,South Marvinburgh,2025-05-10,2025-05-19,P0029,16,406.05,D00080,"Cain, Davidson and Moran",IN TRANSIT,9,1,Missing,C00071,Lost Package,626.63,REJECTED,2025-05-14,2025-05-22,Delayed by 3 days,131,90+ days old,W009,476.0,168.0,2025-08-13,2025-09-07,False,-16.0,Overdue Restock
S00092,W002,Ryanberg,2025-05-16,2025-05-26,P0025,170,132.46,D00091,Mcmillan-Martinez,LOST,10,0,Pending,C00131,Lost Package,166.47,PENDING,2025-06-05,2025-06-24,Delayed by 4 days,109,90+ days old,W002,191.0,182.0,2025-08-24,2025-09-07,False,-16.0,Overdue Restock
S00094,W005,Smithbury,2025-07-30,2025-08-05,P0088,188,359.76,D00093,Smith Ltd,IN TRANSIT,6,1,Pending,C00282,Damage,616.92,PENDING,2025-07-27,2025-08-16,On time,57,31-60 days old,W005,123.0,242.0,2025-08-30,2025-09-19,True,-4.0,Overdue Restock
S00094,W005,Smithbury,2025-07-30,2025-08-05,P0088,188,359.76,D00093,Smith Ltd,IN TRANSIT,6,1,Pending,C00282,Damage,616.92,PENDING,2025-07-27,2025-08-16,On time,57,31-60 days old,W005,657.0,148.0,2025-08-21,2025-09-20,False,-3.0,Overdue Restock
S00094,W005,Smithbury,2025-07-30,2025-08-05,P0088,188,359.76,D00093,Smith Ltd,IN TRANSIT,6,1,Pending,C00282,Damage,616.92,PENDING,2025-07-27,2025-08-16,On time,57,31-60 days old,W005,732.0,277.0,2025-07-16,2025-08-04,False,-50.0,Overdue Restock
S00099,W009,North Hannahchester,2025-06-05,2025-06-15,P0069,192,298.0,D00098,Marquez PLC,DELIVERED,10,1,Missing,C00265,Delay,352.3,REJECTED,2025-09-01,2025-09-20,Delayed by 4 days,21,0-30 days old,,,,,,False,,
S00100,W002,Martinezview,2025-06-11,2025-06-19,P0059,29,102.45,D00099,King Inc,LOST,8,1,Missing,C00145,Lost Package,171.66,APPROVED,2025-06-24,2025-07-08,Delayed by 2 days,90,61-90 days old,W002,920.0,281.0,2025-07-19,2025-08-10,False,-44.0,Overdue Restock
S00103,W006,Cindyberg,2025-05-31,2025-06-04,P0091,87,62.94,D00102,"Stewart, York and Olson",LOST,4,0,Pending,C00026,Damage,356.01,REJECTED,2025-04-17,2025-04-30,On time,158,90+ days old,W006,537.0,199.0,2025-08-24,2025-09-16,False,-7.0,Overdue Restock
S00103,W006,Cindyberg,2025-05-31,2025-06-04,P0091,87,62.94,D00102,"Stewart, York and Olson",LOST,4,0,Pending,C00026,Damage,356.01,REJECTED,2025-04-17,2025-04-30,On time,158,90+ days old,W006,179.0,174.0,2025-08-03,2025-08-19,False,-35.0,Overdue Restock
S00103,W006,Cindyberg,2025-05-31,2025-06-04,P0091,87,62.94,D00102,"Stewart, York and Olson",LOST,4,0,Pending,C00026,Damage,356.01,REJECTED,2025-04-17,2025-04-30,On time,158,90+ days old,W006,488.0,255.0,2025-08-11,2025-08-27,False,-27.0,Overdue Restock
S00105,W004,Port Danielborough,2025-07-07,2025-07-13,P0017,63,108.6,D00104,Reyes-Davidson,DELIVERED,6,0,Signed,C00086,Incorrect Delivery,917.27,PENDING,2025-05-14,2025-05-19,On time,131,90+ days old,W004,988.0,182.0,2025-09-08,2025-10-05,False,12.0,Restock Within 30 Days
S00105,W004,Port Danielborough,2025-07-07,2025-07-13,P0017,63,108.6,D00104,Reyes-Davidson,DELIVERED,6,0,Signed,C00124,Incorrect Delivery,228.11,APPROVED,2025-07-12,2025-07-31,On time,72,61-90 days old,W004,988.0,182.0,2025-09-08,2025-10-05,False,12.0,Restock Within 30 Days
S00108,W009,North Amy,2025-04-20,2025-04-22,P0061,40,458.84,D00107,Parker Ltd,LOST,2,0,Pending,C00019,Delay,921.96,PENDING,2025-07-18,2025-07-22,On time,66,61-90 days old,,,,,,False,,
S00110,W002,North Maryfort,2025-04-08,2025-04-11,P0078,62,314.42,D00109,Taylor Group,LOST,3,0,Signed,C00118,Incorrect Delivery,622.93,REJECTED,2025-06-16,2025-06-29,On time,98,90+ days old,,,,,,False,,
S00112,W003,South Vanessa,2025-05-07,2025-05-13,P0075,99,208.49,D00111,"Johnson, Mclean and George",LOST,6,0,Missing,C00172,Incorrect Delivery,669.36,REJECTED,2025-05-05,2025-05-25,On time,140,90+ days old,W003,754.0,108.0,2025-07-29,2025-08-28,False,-26.0,Overdue Restock
S00113,W009,Stevenville,2025-04-13,2025-04-18,P0065,155,80.75,D00112,Stevenson-Murphy,DELAYED,5,1,Pending,C00008,Incorrect Delivery,159.77,PENDING,2025-05-23,2025-05-30,On time,122,90+ days old,W009,106.0,113.0,2025-09-06,2025-09-24,True,1.0,Restock Within 7 Days
S00113,W009,Stevenville,2025-04-13,2025-04-18,P0065,155,80.75,D00112,Stevenson-Murphy,DELAYED,5,1,Pending,C00008,Incorrect Delivery,159.77,PENDING,2025-05-23,2025-05-30,On time,122,90+ days old,W009,250.0,197.0,2025-07-19,2025-07-26,False,-59.0,Overdue Restock
S00114,W010,Port Kellymouth,2025-06-01,2025-06-03,P0068,65,372.12,D00113,Stewart-Buchanan,LOST,2,0,Pending,C00152,Damage,652.33,REJECTED,2025-07-13,2025-08-02,On time,71,61-90 days old,,,,,,False,,
S00118,W003,West Lisaburgh,2025-04-02,2025-04-09,P0049,118,146.42,D00117,"Mcneil, Solis and Horton",IN TRANSIT,7,1,Signed,C00018,Damage,204.34,APPROVED,2025-08-30,2025-09-12,Delayed by 1 day,23,0-30 days old,W003,484.0,197.0,2025-07-28,2025-08-19,False,-35.0,Overdue Restock
S00119,W004,Rossmouth,2025-05-02,2025-05-10,P0015,90,105.63,D00118,Franklin Group,DELAYED,8,0,Signed,C00016,Delay,241.66,REJECTED,2025-07-07,2025-07-22,Delayed by 2 days,77,61-90 days old,,,,,,False,,
S00122,W008,Port Erikchester,2025-07-03,2025-07-06,P0050,82,255.63,D00121,"Braun, Mays and Martinez",DELAYED,3,1,Signed,C00035,Delay,347.92,APPROVED,2025-08-09,2025-08-21,On time,44,31-60 days old,,,,,,False,,
S00130,W007,Elizabethfurt,2025-04-08,2025-04-11,P0030,118,376.34,D00129,Gray-Ruiz,LOST,3,0,Pending,C00257,Damage,948.94,PENDING,2025-06-24,2025-07-08,On time,90,61-90 days old,,,,,,False,,
S00130,W007,Elizabethfurt,2025-04-08,2025-04-11,P0030,118,376.34,D00129,Gray-Ruiz,LOST,3,0,Pending,C00272,Lost Package,547.25,PENDING,2025-05-31,2025-06-19,On time,114,90+ days old,,,,,,False,,
S00131,W005,North Dawnburgh,2025-06-17,2025-06-23,P0097,174,474.45,D00130,Wagner-Moss,LOST,6,1,Signed,C00190,Damage,704.57,REJECTED,2025-07-19,2025-07-27,On time,65,61-90 days old,,,,,,False,,
S00135,W003,North Stephen,2025-06-30,2025-07-02,P0013,198,73.78,D00134,"Medina, Tran and Thompson",DELIVERED,2,0,Signed,C00292,Lost Package,351.13,APPROVED,2025-07-15,2025-07-19,On time,69,61-90 days old,W003,232.0,217.0,2025-09-07,2025-09-17,False,-6.0,Overdue Restock
S00136,W002,Millerfort,2025-06-05,2025-06-14,P0087,16,487.43,D00135,Ford-Chavez,DELAYED,9,0,Pending,C00222,Delay,848.48,REJECTED,2025-04-14,2025-04-22,Delayed by 3 days,161,90+ days old,,,,,,False,,
S00139,W008,Port Christopherport,2025-06-17,2025-06-22,P0038,179,274.05,D00138,Hendricks Inc,LOST,5,0,Missing,C00184,Incorrect Delivery,813.28,PENDING,2025-09-05,2025-09-19,On time,17,0-30 days old,W008,636.0,107.0,2025-07-22,2025-08-03,False,-51.0,Overdue Restock
S00144,W005,North Matthew,2025-07-12,2025-07-16,P0063,120,110.52,D00143,Ortiz Inc,IN TRANSIT,4,0,Pending,C00195,Delay,238.75,REJECTED,2025-05-10,2025-05-25,On time,135,90+ days old,,,,,,False,,
S00145,W007,Amystad,2025-07-25,2025-08-03,P0098,38,305.98,D00144,Cruz PLC,DELAYED,9,1,Signed,C00039,Incorrect Delivery,937.17,APPROVED,2025-04-11,2025-04-15,Delayed by 3 days,164,90+ days old,W007,664.0,120.0,2025-08-14,2025-08-23,False,-31.0,Overdue Restock
S00145,W007,Amystad,2025-07-25,2025-08-03,P0098,38,305.98,D00144,Cruz PLC,DELAYED,9,1,Signed,C00039,Incorrect Delivery,937.17,APPROVED,2025-04-11,2025-04-15,Delayed by 3 days,164,90+ days old,W007,427.0,101.0,2025-09-01,2025-09-20,False,-3.0,Overdue Restock
S00145,W007,Amystad,2025-07-25,2025-08-03,P0098,38,305.98,D00144,Cruz PLC,DELAYED,9,1,Signed,C00267,Incorrect Delivery,400.84,REJECTED,2025-06-07,2025-06-10,Delayed by 3 days,107,90+ days old,W007,664.0,120.0,2025-08-14,2025-08-23,False,-31.0,Overdue Restock
S00145,W007,Amystad,2025-07-25,2025-08-03,P0098,38,305.98,D00144,Cruz PLC,DELAYED,9,1,Signed,C00267,Incorrect Delivery,400.84,REJECTED,2025-06-07,2025-06-10,Delayed by 3 days,107,90+ days old,W007,427.0,101.0,2025-09-01,2025-09-20,False,-3.0,Overdue Restock
S00151,W010,Ellisshire,2025-06-16,2025-06-18,P0098,170,203.57,D00150,Dorsey LLC,LOST,2,0,Missing,C00214,Incorrect Delivery,964.31,REJECTED,2025-04-29,2025-05-08,On time,146,90+ days old,W010,627.0,235.0,2025-07-11,2025-08-10,False,-44.0,Overdue Restock
S00165,W002,Aguilarchester,2025-07-19,2025-07-22,P0076,96,173.01,D00164,Davis Ltd,LOST,3,1,Pending,C00174,Delay,206.57,PENDING,2025-07-23,2025-08-02,On time,61,61-90 days old,,,,,,False,,
S00172,W008,Lake Deborah,2025-05-25,2025-05-31,P0082,146,414.02,D00171,Bird-Savage,DELAYED,6,1,Pending,C00010,Lost Package,697.61,PENDING,2025-04-24,2025-05-04,On time,151,90+ days old,,,,,,False,,
S00176,W007,North Juliaborough,2025-07-09,2025-07-15,P0037,175,122.26,D00175,Woods Ltd,LOST,6,0,Missing,C00275,Delay,844.55,APPROVED,2025-07-10,2025-07-26,On time,74,61-90 days old,W007,908.0,257.0,2025-07-11,2025-07-21,False,-64.0,Overdue Restock
S00180,W004,Lake Willie,2025-05-23,2025-05-27,P0035,44,63.11,D00179,Morrison-Hatfield,IN TRANSIT,4,0,Signed,C00064,Damage,733.66,PENDING,2025-07-03,2025-07-04,On time,81,61-90 days old,,,,,,False,,
S00182,W008,New Meghan,2025-03-12,2025-03-14,P0008,31,191.26,D00181,Munoz-Rogers,LOST,2,1,Signed,C00116,Incorrect Delivery,355.71,REJECTED,2025-08-16,2025-09-03,On time,37,31-60 days old,,,,,,False,,
S00182,W008,New Meghan,2025-03-12,2025-03-14,P0008,31,191.26,D00181,Munoz-Rogers,LOST,2,1,Signed,C00276,Delay,927.59,REJECTED,2025-06-22,2025-07-03,On time,92,90+ days old,,,,,,False,,
S00183,W005,Stevenberg,2025-03-18,2025-03-21,P0053,103,352.25,D00182,"Wu, Key and Montoya",LOST,3,1,Missing,C00283,Incorrect Delivery,897.32,PENDING,2025-06-03,2025-06-06,On time,111,90+ days old,,,,,,False,,
S00184,W002,West Candice,2025-08-08,2025-08-16,P0093,45,156.22,D00183,Ortega-Gray,IN TRANSIT,8,1,Missing,C00162,Damage,363.99,APPROVED,2025-07-30,2025-08-12,Delayed by 2 days,54,31-60 days old,W002,46.0,118.0,2025-08-08,2025-09-07,True,-16.0,Overdue Restock
S00186,W010,Charlesmouth,2025-06-21,2025-07-01,P0033,137,448.05,D00185,Smith Ltd,DELIVERED,10,1,Signed,C00175,Incorrect Delivery,485.36,APPROVED,2025-04-13,2025-04-29,Delayed by 4 days,162,90+ days old,,,,,,False,,
S00187,W004,East Abigail,2025-06-17,2025-06-20,P0099,90,198.18,D00186,Hardy-Barron,LOST,3,1,Signed,C00119,Lost Package,676.0,REJECTED,2025-08-23,2025-09-06,On time,30,0-30 days old,,,,,,False,,
S00190,W005,Markport,2025-04-22,2025-05-01,P0053,75,438.3,D00189,Hayes-Parks,IN TRANSIT,9,1,Signed,C00147,Incorrect Delivery,663.93,APPROVED,2025-07-01,2025-07-19,Delayed by 3 days,83,61-90 days old,,,,,,False,,
S00192,W002,Seanbury,2025-03-18,2025-03-25,P0070,118,263.68,D00191,Andersen LLC,LOST,7,0,Pending,C00135,Delay,139.41,APPROVED,2025-09-09,2025-09-20,Delayed by 1 day,13,0-30 days old,W002,603.0,155.0,2025-09-02,2025-09-28,False,5.0,Restock Within 7 Days
S00192,W002,Seanbury,2025-03-18,2025-03-25,P0070,118,263.68,D00191,Andersen LLC,LOST,7,0,Pending,C00135,Delay,139.41,APPROVED,2025-09-09,2025-09-20,Delayed by 1 day,13,0-30 days old,W002,760.0,256.0,2025-07-29,2025-08-19,False,-35.0,Overdue Restock
S00198,W007,Lake Cameronborough,2025-07-22,2025-07-24,P0051,75,185.4,D00197,Navarro LLC,DELIVERED,2,1,Signed,C00012,Damage,650.87,PENDING,2025-05-10,2025-05-11,On time,135,90+ days old,W007,735.0,290.0,2025-08-30,2025-09-07,False,-16.0,Overdue Restock
S00200,W006,Lucasland,2025-08-03,2025-08-11,P0005,80,439.9,D00199,"Glover, Moran and Johnson",DELIVERED,8,1,Missing,C00238,Lost Package,378.4,REJECTED,2025-06-01,2025-06-12,Delayed by 2 days,113,90+ days old,W006,443.0,125.0,2025-08-02,2025-08-31,False,-23.0,Overdue Restock
S00200,W006,Lucasland,2025-08-03,2025-08-11,P0005,80,439.9,D00199,"Glover, Moran and Johnson",DELIVERED,8,1,Missing,C00238,Lost Package,378.4,REJECTED,2025-06-01,2025-06-12,Delayed by 2 days,113,90+ days old,W006,146.0,126.0,2025-07-25,2025-08-22,False,-32.0,Overdue Restock
S00201,W008,North Stephen,2025-05-14,2025-05-23,P0095,115,466.92,D00200,Robles-Turner,IN TRANSIT,9,1,Pending,C00060,Damage,467.73,PENDING,2025-08-28,2025-09-05,Delayed by 3 days,25,0-30 days old,W008,854.0,211.0,2025-08-29,2025-09-14,False,-9.0,Overdue Restock
S00204,W009,Hayesfurt,2025-06-03,2025-06-10,P0059,187,62.31,D00203,"Allen, Lewis and Mullins",DELAYED,7,0,Missing,C00011,Incorrect Delivery,349.47,REJECTED,2025-06-12,2025-06-29,Delayed by 1 day,102,90+ days old,W009,859.0,113.0,2025-09-07,2025-09-16,False,-7.0,Overdue Restock
S00204,W009,Hayesfurt,2025-06-03,2025-06-10,P0059,187,62.31,D00203,"Allen, Lewis and Mullins",DELAYED,7,0,Missing,C00011,Incorrect Delivery,349.47,REJECTED,2025-06-12,2025-06-29,Delayed by 1 day,102,90+ days old,W009,669.0,270.0,2025-08-29,2025-09-11,False,-12.0,Overdue Restock
S00204,W009,Hayesfurt,2025-06-03,2025-06-10,P0059,187,62.31,D00203,"Allen, Lewis and Mullins",DELAYED,7,0,Missing,C00011,Incorrect Delivery,349.47,REJECTED,2025-06-12,2025-06-29,Delayed by 1 day,102,90+ days old,W009,679.0,124.0,2025-07-14,2025-08-11,False,-43.0,Overdue Restock
S00204,W009,Hayesfurt,2025-06-03,2025-06-10,P0059,187,62.31,D00203,"Allen, Lewis and Mullins",DELAYED,7,0,Missing,C00084,Incorrect Delivery,631.29,REJECTED,2025-07-22,2025-07-26,Delayed by 1 day,62,61-90 days old,W009,859.0,113.0,2025-09-07,2025-09-16,False,-7.0,Overdue Restock
S00204,W009,Hayesfurt,2025-06-03,2025-06-10,P0059,187,62.31,D00203,"Allen, Lewis and Mullins",DELAYED,7,0,Missing,C00084,Incorrect Delivery,631.29,REJECTED,2025-07-22,2025-07-26,Delayed by 1 day,62,61-90 days old,W009,669.0,270.0,2025-08-29,2025-09-11,False,-12.0,Overdue Restock
S00204,W009,Hayesfurt,2025-06-03,2025-06-10,P0059,187,62.31,D00203,"Allen, Lewis and Mullins",DELAYED,7,0,Missing,C00084,Incorrect Delivery,631.29,REJECTED,2025-07-22,2025-07-26,Delayed by 1 day,62,61-90 days old,W009,679.0,124.0,2025-07-14,2025-08-11,False,-43.0,Overdue Restock
S00209,W003,West Kathymouth,2025-05-24,2025-05-30,P0023,185,316.86,D00208,"Martinez, Taylor and Nichols",DELIVERED,6,0,Pending,C00186,Lost Package,305.93,APPROVED,2025-07-26,2025-08-06,On time,58,31-60 days old,,,,,,False,,
S00216,W010,Medinaland,2025-05-09,2025-05-12,P0002,193,286.63,D00215,Peterson PLC,LOST,3,1,Pending,C00226,Delay,565.37,REJECTED,2025-08-21,2025-08-23,On time,32,31-60 days old,W010,127.0,178.0,2025-08-27,2025-09-21,True,-2.0,Overdue Restock
S00216,W010,Medinaland,2025-05-09,2025-05-12,P0002,193,286.63,D00215,Peterson PLC,LOST,3,1,Pending,C00226,Delay,565.37,REJECTED,2025-08-21,2025-08-23,On time,32,31-60 days old,W010,131.0,232.0,2025-08-18,2025-08-29,True,-25.0,Overdue Restock
S00219,W007,East Jeffrey,2025-04-29,2025-05-04,P0077,65,497.84,D00218,"Mclaughlin, Collins and Lawrence",IN TRANSIT,5,0,Missing,C00134,Incorrect Delivery,747.74,PENDING,2025-05-21,2025-06-01,On time,124,90+ days old,W007,403.0,236.0,2025-09-06,2025-09-15,False,-8.0,Overdue Restock
S00219,W007,East Jeffrey,2025-04-29,2025-05-04,P0077,65,497.84,D00218,"Mclaughlin, Collins and Lawrence",IN TRANSIT,5,0,Missing,C00134,Incorrect Delivery,747.74,PENDING,2025-05-21,2025-06-01,On time,124,90+ days old,W007,285.0,181.0,2025-07-12,2025-07-30,False,-55.0,Overdue Restock
S00222,W008,West Emilyview,2025-03-30,2025-04-04,P0048,159,357.92,D00221,Meyer PLC,LOST,5,1,Pending,C00087,Incorrect Delivery,357.99,PENDING,2025-06-07,2025-06-23,On time,107,90+ days old,,,,,,False,,
S00233,W005,East Debbieland,2025-05-04,2025-05-11,P0056,82,456.26,D00232,"Michael, Walker and Fitzgerald",DELIVERED,7,1,Pending,C00290,Delay,817.7,REJECTED,2025-06-23,2025-07-08,Delayed by 1 day,91,90+ days old,,,,,,False,,
S00234,W005,New James,2025-07-31,2025-08-06,P0067,90,246.1,D00233,Gates Ltd,LOST,6,1,Signed,C00187,Incorrect Delivery,411.15,REJECTED,2025-04-22,2025-05-05,On time,153,90+ days old,,,,,,False,,
S00239,W007,Walkershire,2025-07-31,2025-08-03,P0064,20,248.68,D00238,"Acosta, Campbell and Leblanc",DELAYED,3,0,Pending,C00220,Damage,829.2,REJECTED,2025-06-03,2025-06-23,On time,111,90+ days old,,,,,,False,,
S00241,W003,South Michaeltown,2025-07-17,2025-07-20,P0045,33,141.68,D00240,"Glenn, Brown and Michael",DELIVERED,3,0,Signed,C00097,Lost Package,715.91,REJECTED,2025-07-24,2025-08-12,On time,60,31-60 days old,W003,102.0,220.0,2025-08-08,2025-09-01,True,-22.0,Overdue Restock
S00241,W003,South Michaeltown,2025-07-17,2025-07-20,P0045,33,141.68,D00240,"Glenn, Brown and Michael",DELIVERED,3,0,Signed,C00097,Lost Package,715.91,REJECTED,2025-07-24,2025-08-12,On time,60,31-60 days old,W003,736.0,166.0,2025-07-27,2025-08-20,False,-34.0,Overdue Restock
S00242,W005,Port Tamara,2025-07-08,2025-07-12,P0022,140,420.16,D00241,Ellis-Martin,DELIVERED,4,1,Signed,C00078,Damage,838.49,REJECTED,2025-08-10,2025-08-19,On time,43,31-60 days old,,,,,,False,,
S00247,W002,Miketon,2025-07-18,2025-07-25,P0020,17,86.48,D00246,Clements-Simmons,DELIVERED,7,0,Signed,C00279,Damage,222.62,APPROVED,2025-04-28,2025-05-01,Delayed by 1 day,147,90+ days old,W002,7.0,186.0,2025-08-12,2025-09-10,True,-13.0,Overdue Restock
S00249,W001,Harrisonmouth,2025-03-20,2025-03-27,P0006,177,330.06,D00248,Mccann-White,LOST,7,1,Signed,C00198,Lost Package,680.56,REJECTED,2025-08-27,2025-09-02,Delayed by 1 day,26,0-30 days old,,,,,,False,,
S00258,W006,Carolynville,2025-07-17,2025-07-27,P0026,135,250.45,D00257,Wilson Inc,DELAYED,10,0,Signed,C00051,Incorrect Delivery,857.42,PENDING,2025-05-16,2025-05-25,Delayed by 4 days,129,90+ days old,,,,,,False,,
S00261,W007,Lake Martha,2025-03-15,2025-03-18,P0006,141,203.79,D00260,Hill-Mcgee,IN TRANSIT,3,1,Signed,C00209,Lost Package,925.11,APPROVED,2025-04-12,2025-04-21,On time,163,90+ days old,W007,366.0,115.0,2025-08-24,2025-09-15,False,-8.0,Overdue Restock
S00261,W007,Lake Martha,2025-03-15,2025-03-18,P0006,141,203.79,D00260,Hill-Mcgee,IN TRANSIT,3,1,Signed,C00209,Lost Package,925.11,APPROVED,2025-04-12,2025-04-21,On time,163,90+ days old,W007,159.0,136.0,2025-08-29,2025-09-24,False,1.0,Restock Within 7 Days
S00261,W007,Lake Martha,2025-03-15,2025-03-18,P0006,141,203.79,D00260,Hill-Mcgee,IN TRANSIT,3,1,Signed,C00209,Lost Package,925.11,APPROVED,2025-04-12,2025-04-21,On time,163,90+ days old,W007,712.0,296.0,2025-07-29,2025-08-19,False,-35.0,Overdue Restock
S00266,W005,Lake Jessicaport,2025-03-27,2025-04-01,P0067,119,182.97,D00265,"Roth, Logan and Moreno",LOST,5,1,Missing,C00106,Damage,476.91,APPROVED,2025-06-30,2025-07-16,On time,84,61-90 days old,,,,,,False,,
S00269,W010,Port Brandi,2025-08-07,2025-08-13,P0046,75,313.51,D00268,Sheppard Inc,LOST,6,1,Missing,C00210,Incorrect Delivery,148.14,REJECTED,2025-04-17,2025-04-24,On time,158,90+ days old,W010,556.0,223.0,2025-07-19,2025-08-04,False,-50.0,Overdue Restock
S00269,W010,Port Brandi,2025-08-07,2025-08-13,P0046,75,313.51,D00268,Sheppard Inc,LOST,6,1,Missing,C00210,Incorrect Delivery,148.14,REJECTED,2025-04-17,2025-04-24,On time,158,90+ days old,W010,914.0,283.0,2025-08-10,2025-09-04,False,-19.0,Overdue Restock
S00269,W010,Port Brandi,2025-08-07,2025-08-13,P0046,75,313.51,D00268,Sheppard Inc,LOST,6,1,Missing,C00210,Incorrect Delivery,148.14,REJECTED,2025-04-17,2025-04-24,On time,158,90+ days old,W010,767.0,181.0,2025-07-11,2025-07-31,False,-54.0,Overdue Restock
S00273,W008,East Alexandrahaven,2025-07-21,2025-07-27,P0044,57,144.98,D00272,Delgado Inc,IN TRANSIT,6,1,Signed,C00127,Incorrect Delivery,579.43,REJECTED,2025-06-29,2025-07-07,On time,85,61-90 days old,,,,,,False,,
S00273,W008,East Alexandrahaven,2025-07-21,2025-07-27,P0044,57,144.98,D00272,Delgado Inc,IN TRANSIT,6,1,Signed,C00269,Delay,194.71,REJECTED,2025-07-08,2025-07-20,On time,76,61-90 days old,,,,,,False,,
S00276,W008,North Timothyberg,2025-07-06,2025-07-15,P0089,113,440.95,D00275,"Jackson, Rowland and Barrett",IN TRANSIT,9,1,Signed,C00248,Incorrect Delivery,137.76,REJECTED,2025-04-13,2025-04-14,Delayed by 3 days,162,90+ days old,W008,339.0,115.0,2025-09-09,2025-09-19,False,-4.0,Overdue Restock
S00281,W001,Andersonfort,2025-08-06,2025-08-11,P0062,176,115.32,D00280,"Garcia, Weiss and Young",DELAYED,5,1,Pending,C00140,Damage,808.93,APPROVED,2025-06-11,2025-06-24,On time,103,90+ days old,,,,,,False,,
S00283,W005,Scotttown,2025-07-26,2025-08-04,P0019,131,239.85,D00282,Guzman and Sons,LOST,9,1,Signed,C00237,Incorrect Delivery,804.73,REJECTED,2025-08-31,2025-09-05,Delayed by 3 days,22,0-30 days old,W005,98.0,152.0,2025-08-07,2025-08-31,True,-23.0,Overdue Restock
S00285,W008,Penamouth,2025-05-29,2025-06-07,P0003,125,313.35,D00284,Pierce LLC,DELIVERED,9,0,Signed,C00041,Damage,249.72,REJECTED,2025-05-06,2025-05-08,Delayed by 3 days,139,90+ days old,W008,883.0,197.0,2025-08-25,2025-09-13,False,-10.0,Overdue Restock
S00285,W008,Penamouth,2025-05-29,2025-06-07,P0003,125,313.35,D00284,Pierce LLC,DELIVERED,9,0,Signed,C00041,Damage,249.72,REJECTED,2025-05-06,2025-05-08,Delayed by 3 days,139,90+ days old,W008,450.0,102.0,2025-08-02,2025-08-23,False,-31.0,Overdue Restock
S00285,W008,Penamouth,2025-05-29,2025-06-07,P0003,125,313.35,D00284,Pierce LLC,DELIVERED,9,0,Signed,C00041,Damage,249.72,REJECTED,2025-05-06,2025-05-08,Delayed by 3 days,139,90+ days old,W008,993.0,225.0,2025-07-11,2025-08-08,False,-46.0,Overdue Restock
S00288,W007,Cherylfurt,2025-08-04,2025-08-13,P0095,158,318.13,D00287,Bentley-Thomas,LOST,9,1,Signed,C00178,Damage,183.07,REJECTED,2025-06-22,2025-07-01,Delayed by 3 days,92,90+ days old,W007,520.0,234.0,2025-07-20,2025-08-01,False,-53.0,Overdue Restock
S00293,W006,Port Michelle,2025-04-03,2025-04-12,P0090,121,59.36,D00292,Stewart Group,DELAYED,9,0,Signed,C00196,Incorrect Delivery,713.95,REJECTED,2025-07-23,2025-07-26,Delayed by 3 days,61,61-90 days old,,,,,,False,,
S00294,W005,South Krista,2025-04-11,2025-04-16,P0061,98,247.15,D00293,Johnson-Munoz,DELAYED,5,1,Signed,C00029,Incorrect Delivery,215.93,REJECTED,2025-08-24,2025-08-31,On time,29,0-30 days old,W005,956.0,177.0,2025-07-30,2025-08-17,False,-37.0,Overdue Restock
S00302,W001,Port Diane,2025-06-19,2025-06-26,P0034,101,354.62,D00301,Thompson Ltd,DELIVERED,7,0,Signed,C00250,Delay,440.13,REJECTED,2025-09-01,2025-09-20,Delayed by 1 day,21,0-30 days old,,,,,,False,,
S00309,W010,Jessicaside,2025-07-02,2025-07-05,P0072,20,278.29,D00308,Woods-Anderson,DELAYED,3,1,Missing,C00161,Delay,368.84,REJECTED,2025-05-22,2025-05-31,On time,123,90+ days old,,,,,,False,,
S00312,W002,West Gregoryhaven,2025-03-31,2025-04-04,P0083,103,200.57,D00311,Bradley-Adams,DELIVERED,4,0,Signed,C00102,Delay,244.64,PENDING,2025-05-01,2025-05-16,On time,144,90+ days old,W002,495.0,196.0,2025-07-13,2025-08-04,False,-50.0,Overdue Restock
S00312,W002,West Gregoryhaven,2025-03-31,2025-04-04,P0083,103,200.57,D00311,Bradley-Adams,DELIVERED,4,0,Signed,C00102,Delay,244.64,PENDING,2025-05-01,2025-05-16,On time,144,90+ days old,W002,235.0,135.0,2025-07-31,2025-08-22,False,-32.0,Overdue Restock
S00313,W003,New Kellyville,2025-06-18,2025-06-21,P0026,122,486.34,D00312,"Fowler, Wood and Waters",DELIVERED,3,1,Missing,C00193,Lost Package,356.69,APPROVED,2025-07-22,2025-08-02,On time,62,61-90 days old,W003,904.0,144.0,2025-08-16,2025-09-01,False,-22.0,Overdue Restock
S00313,W003,New Kellyville,2025-06-18,2025-06-21,P0026,122,486.34,D00312,"Fowler, Wood and Waters",DELIVERED,3,1,Missing,C00193,Lost Package,356.69,APPROVED,2025-07-22,2025-08-02,On time,62,61-90 days old,W003,940.0,290.0,2025-07-28,2025-08-06,False,-48.0,Overdue Restock
S00313,W003,New Kellyville,2025-06-18,2025-06-21,P0026,122,486.34,D00312,"Fowler, Wood and Waters",DELIVERED,3,1,Missing,C00193,Lost Package,356.69,APPROVED,2025-07-22,2025-08-02,On time,62,61-90 days old,W003,269.0,136.0,2025-07-31,2025-08-24,False,-30.0,Overdue Restock
S00319,W006,Lake Jacqueline,2025-05-11,2025-05-13,P0057,47,396.57,D00318,Bruce-Walters,IN TRANSIT,2,1,Missing,C00176,Incorrect Delivery,220.9,APPROVED,2025-08-28,2025-09-17,On time,25,0-30 days old,W006,155.0,218.0,2025-07-29,2025-08-28,True,-26.0,Overdue Restock
S00319,W006,Lake Jacqueline,2025-05-11,2025-05-13,P0057,47,396.57,D00318,Bruce-Walters,IN TRANSIT,2,1,Missing,C00176,Incorrect Delivery,220.9,APPROVED,2025-08-28,2025-09-17,On time,25,0-30 days old,W006,598.0,246.0,2025-08-15,2025-08-27,False,-27.0,Overdue Restock
S00323,W009,South Lee,2025-04-22,2025-04-28,P0054,112,448.6,D00322,Hayden Group,IN TRANSIT,6,1,Pending,C00166,Incorrect Delivery,878.66,APPROVED,2025-09-08,2025-09-23,On time,14,0-30 days old,,,,,,False,,
S00323,W009,South Lee,2025-04-22,2025-04-28,P0054,112,448.6,D00322,Hayden Group,IN TRANSIT,6,1,Pending,C00284,Delay,484.66,REJECTED,2025-07-12,2025-07-14,On time,72,61-90 days old,,,,,,False,,
S00325,W006,East Jill,2025-05-01,2025-05-03,P0036,145,324.68,D00324,"Jennings, Rhodes and Patel",IN TRANSIT,2,1,Signed,C00080,Delay,138.07,REJECTED,2025-05-25,2025-06-14,On time,120,90+ days old,W006,694.0,243.0,2025-08-06,2025-08-29,False,-25.0,Overdue Restock
S00325,W006,East Jill,2025-05-01,2025-05-03,P0036,145,324.68,D00324,"Jennings, Rhodes and Patel",IN TRANSIT,2,1,Signed,C00080,Delay,138.07,REJECTED,2025-05-25,2025-06-14,On time,120,90+ days old,W006,550.0,194.0,2025-07-27,2025-08-17,False,-37.0,Overdue Restock
S00333,W004,New Laurenfort,2025-06-24,2025-06-30,P0093,118,494.13,D00332,Palmer Inc,DELIVERED,6,1,Pending,C00204,Delay,340.09,PENDING,2025-06-29,2025-07-10,On time,85,61-90 days old,W004,356.0,283.0,2025-08-03,2025-09-01,False,-22.0,Overdue Restock
S00335,W006,Lake Aprilmouth,2025-07-22,2025-07-25,P0007,176,473.6,D00334,Morgan Ltd,LOST,3,0,Pending,C00165,Incorrect Delivery,335.92,PENDING,2025-05-20,2025-05-30,On time,125,90+ days old,W006,910.0,253.0,2025-07-23,2025-08-20,False,-34.0,Overdue Restock
S00336,W008,North Emilyfurt,2025-07-01,2025-07-07,P0074,198,52.35,D00335,Decker Inc,IN TRANSIT,6,0,Pending,C00159,Lost Package,639.54,APPROVED,2025-07-05,2025-07-21,On time,79,61-90 days old,,,,,,False,,
S00337,W006,West Michaelview,2025-04-16,2025-04-21,P0096,158,304.52,D00336,Evans-Carter,DELAYED,5,1,Pending,C00203,Delay,129.88,REJECTED,2025-06-13,2025-06-21,On time,101,90+ days old,W006,830.0,222.0,2025-07-29,2025-08-16,False,-38.0,Overdue Restock
S00344,W009,New Ryan,2025-05-23,2025-05-31,P0076,153,283.53,D00343,Morales Inc,DELIVERED,8,0,Missing,C00262,Lost Package,974.36,PENDING,2025-06-11,2025-06-26,Delayed by 2 days,103,90+ days old,,,,,,False,,
S00349,W008,South Coreyburgh,2025-03-22,2025-03-31,P0005,50,474.83,D00348,Ruiz LLC,IN TRANSIT,9,0,Signed,C00151,Lost Package,981.01,REJECTED,2025-06-01,2025-06-03,Delayed by 3 days,113,90+ days old,W008,267.0,207.0,2025-07-22,2025-08-03,False,-51.0,Overdue Restock
S00349,W008,South Coreyburgh,2025-03-22,2025-03-31,P0005,50,474.83,D00348,Ruiz LLC,IN TRANSIT,9,0,Signed,C00167,Damage,614.09,APPROVED,2025-08-09,2025-08-20,Delayed by 3 days,44,31-60 days old,W008,267.0,207.0,2025-07-22,2025-08-03,False,-51.0,Overdue Restock
S00354,W005,Port Justin,2025-05-13,2025-05-19,P0028,56,418.61,D00353,"Gonzalez, Lopez and Williams",LOST,6,1,Signed,C00033,Delay,801.3,REJECTED,2025-07-27,2025-08-12,On time,57,31-60 days old,W005,478.0,166.0,2025-07-22,2025-07-30,False,-55.0,Overdue Restock
S00356,W001,Austinmouth,2025-07-11,2025-07-19,P0062,156,189.37,D00355,Martin and Sons,DELIVERED,8,1,Signed,C00173,Delay,932.82,PENDING,2025-08-05,2025-08-19,Delayed by 2 days,48,31-60 days old,,,,,,False,,
S00360,W006,Deniseview,2025-07-06,2025-07-09,P0080,180,330.62,D00359,Potter-Deleon,DELAYED,3,1,Signed,C00155,Damage,163.35,PENDING,2025-06-14,2025-06-28,On time,100,90+ days old,W006,72.0,139.0,2025-07-28,2025-08-22,True,-32.0,Overdue Restock
S00364,W009,Lake Johnathan,2025-08-02,2025-08-05,P0025,168,293.83,D00363,"Smith, Cohen and Williams",LOST,3,1,Signed,C00115,Incorrect Delivery,139.62,REJECTED,2025-06-10,2025-06-18,On time,104,90+ days old,W009,391.0,195.0,2025-08-11,2025-08-23,False,-31.0,Overdue Restock
S00370,W003,Scottberg,2025-04-05,2025-04-13,P0004,145,192.82,D00369,Gamble-Wright,DELAYED,8,0,Pending,C00154,Delay,727.29,APPROVED,2025-05-22,2025-05-24,Delayed by 2 days,123,90+ days old,W003,334.0,255.0,2025-09-08,2025-09-26,False,3.0,Restock Within 7 Days
S00371,W005,North Austin,2025-05-19,2025-05-22,P0015,35,293.8,D00370,Gonzalez-Mccarthy,IN TRANSIT,3,1,Missing,C00040,Delay,531.38,REJECTED,2025-05-27,2025-06-12,On time,118,90+ days old,W005,483.0,134.0,2025-07-11,2025-08-10,False,-44.0,Overdue Restock
S00371,W005,North Austin,2025-05-19,2025-05-22,P0015,35,293.8,D00370,Gonzalez-Mccarthy,IN TRANSIT,3,1,Missing,C00040,Delay,531.38,REJECTED,2025-05-27,2025-06-12,On time,118,90+ days old,W005,641.0,219.0,2025-09-08,2025-09-28,False,5.0,Restock Within 7 Days
S00372,W005,Michellemouth,2025-06-23,2025-06-27,P0024,75,395.74,D00371,Haynes PLC,DELAYED,4,1,Pending,C00047,Incorrect Delivery,960.93,REJECTED,2025-05-31,2025-06-15,On time,114,90+ days old,W005,103.0,106.0,2025-08-05,2025-08-29,True,-25.0,Overdue Restock
S00377,W004,Parkerchester,2025-04-30,2025-05-05,P0064,140,388.58,D00376,James PLC,DELIVERED,5,0,Signed,C00249,Delay,486.91,REJECTED,2025-04-12,2025-04-19,On time,163,90+ days old,,,,,,False,,
S00378,W007,West Alex,2025-06-20,2025-06-23,P0035,25,193.25,D00377,Graves-Baird,IN TRANSIT,3,1,Signed,C00048,Incorrect Delivery,903.74,APPROVED,2025-07-10,2025-07-30,On time,74,61-90 days old,,,,,,False,,
S00378,W007,West Alex,2025-06-20,2025-06-23,P0035,25,193.25,D00377,Graves-Baird,IN TRANSIT,3,1,Signed,C00189,Lost Package,953.19,PENDING,2025-04-19,2025-04-29,On time,156,90+ days old,,,,,,False,,
S00381,W002,Port Russellport,2025-07-04,2025-07-09,P0098,152,343.2,D00380,Torres LLC,DELAYED,5,1,Missing,C00050,Lost Package,482.65,PENDING,2025-07-13,2025-07-21,On time,71,61-90 days old,,,,,,False,,
S00389,W009,West Daniel,2025-06-07,2025-06-13,P0006,51,382.63,D00388,Ward-Patrick,DELIVERED,6,1,Missing,C00200,Delay,837.68,APPROVED,2025-06-05,2025-06-17,On time,109,90+ days old,W009,192.0,122.0,2025-08-30,2025-09-15,False,-8.0,Overdue Restock
S00389,W009,West Daniel,2025-06-07,2025-06-13,P0006,51,382.63,D00388,Ward-Patrick,DELIVERED,6,1,Missing,C00242,Incorrect Delivery,850.68,APPROVED,2025-07-16,2025-07-17,On time,68,61-90 days old,W009,192.0,122.0,2025-08-30,2025-09-15,False,-8.0,Overdue Restock
S00390,W010,Nelsonfort,2025-04-16,2025-04-19,P0039,32,227.89,D00389,"Maxwell, Rice and Watson",IN TRANSIT,3,1,Pending,C00108,Damage,369.6,APPROVED,2025-06-12,2025-06-15,On time,102,90+ days old,W010,805.0,162.0,2025-07-27,2025-08-21,False,-33.0,Overdue Restock
S00390,W010,Nelsonfort,2025-04-16,2025-04-19,P0039,32,227.89,D00389,"Maxwell, Rice and Watson",IN TRANSIT,3,1,Pending,C00108,Damage,369.6,APPROVED,2025-06-12,2025-06-15,On time,102,90+ days old,W010,151.0,249.0,2025-08-08,2025-08-15,True,-39.0,Overdue Restock
S00393,W006,Lake Samuel,2025-03-12,2025-03-19,P0082,76,490.84,D00392,"Martinez, Willis and Barr",IN TRANSIT,7,1,Missing,C00234,Damage,359.89,REJECTED,2025-08-15,2025-08-23,Delayed by 1 day,38,31-60 days old,W006,767.0,177.0,2025-08-02,2025-08-22,False,-32.0,Overdue Restock
S00393,W006,Lake Samuel,2025-03-12,2025-03-19,P0082,76,490.84,D00392,"Martinez, Willis and Barr",IN TRANSIT,7,1,Missing,C00234,Damage,359.89,REJECTED,2025-08-15,2025-08-23,Delayed by 1 day,38,31-60 days old,W006,74.0,150.0,2025-08-10,2025-09-01,True,-22.0,Overdue Restock
S00396,W003,Steventon,2025-05-14,2025-05-16,P0078,131,51.93,D00395,"Cooper, Swanson and Mayo",IN TRANSIT,2,1,Signed,C00230,Incorrect Delivery,490.57,PENDING,2025-09-02,2025-09-04,On time,20,0-30 days old,W003,407.0,222.0,2025-08-25,2025-09-22,False,-1.0,Overdue Restock
S00399,W002,Whiteview,2025-05-24,2025-06-03,P0004,181,250.33,D00398,"Dawson, Snow and Malone",LOST,10,1,Missing,C00280,Lost Package,105.62,PENDING,2025-05-23,2025-05-25,Delayed by 4 days,122,90+ days old,,,,,,False,,
S00404,W005,Ericton,2025-08-02,2025-08-07,P0030,136,485.28,D00403,"Brown, Compton and Lee",DELIVERED,5,0,Signed,C00005,Damage,818.82,PENDING,2025-06-17,2025-06-24,On time,97,90+ days old,W005,896.0,174.0,2025-08-30,2025-09-27,False,4.0,Restock Within 7 Days
S00404,W005,Ericton,2025-08-02,2025-08-07,P0030,136,485.28,D00403,"Brown, Compton and Lee",DELIVERED,5,0,Signed,C00005,Damage,818.82,PENDING,2025-06-17,2025-06-24,On time,97,90+ days old,W005,958.0,155.0,2025-08-11,2025-08-29,False,-25.0,Overdue Restock
S00405,W001,West Timothyport,2025-04-18,2025-04-24,P0064,190,368.14,D00404,Simpson-Patel,DELAYED,6,1,Signed,C00129,Incorrect Delivery,236.2,REJECTED,2025-05-25,2025-06-09,On time,120,90+ days old,W001,519.0,157.0,2025-09-02,2025-09-29,False,6.0,Restock Within 7 Days
S00405,W001,West Timothyport,2025-04-18,2025-04-24,P0064,190,368.14,D00404,Simpson-Patel,DELAYED,6,1,Signed,C00129,Incorrect Delivery,236.2,REJECTED,2025-05-25,2025-06-09,On time,120,90+ days old,W001,208.0,178.0,2025-08-23,2025-09-11,False,-12.0,Overdue Restock
S00408,W010,Port Joshua,2025-04-03,2025-04-07,P0009,160,107.71,D00407,"Nelson, White and Moore",LOST,4,0,Missing,C00015,Damage,669.96,REJECTED,2025-06-02,2025-06-07,On time,112,90+ days old,W010,60.0,293.0,2025-07-17,2025-08-06,True,-48.0,Overdue Restock
S00408,W010,Port Joshua,2025-04-03,2025-04-07,P0009,160,107.71,D00407,"Nelson, White and Moore",LOST,4,0,Missing,C00015,Damage,669.96,REJECTED,2025-06-02,2025-06-07,On time,112,90+ days old,W010,542.0,205.0,2025-07-19,2025-08-18,False,-36.0,Overdue Restock
S00413,W001,Deannaside,2025-03-31,2025-04-07,P0056,114,173.32,D00412,Ferguson LLC,DELAYED,7,0,Missing,C00266,Delay,492.17,PENDING,2025-04-14,2025-04-20,Delayed by 1 day,161,90+ days old,W001,824.0,176.0,2025-07-17,2025-07-28,False,-57.0,Overdue Restock
S00420,W001,Mariomouth,2025-05-03,2025-05-12,P0056,16,316.64,D00419,"Phillips, Galloway and Garrett",DELAYED,9,1,Signed,C00017,Incorrect Delivery,777.39,PENDING,2025-08-10,2025-08-12,Delayed by 3 days,43,31-60 days old,W001,824.0,176.0,2025-07-17,2025-07-28,False,-57.0,Overdue Restock
S00421,W006,North Amanda,2025-06-06,2025-06-12,P0032,37,263.11,D00420,Holloway and Sons,IN TRANSIT,6,1,Missing,C00158,Delay,190.01,REJECTED,2025-06-08,2025-06-17,On time,106,90+ days old,W006,283.0,214.0,2025-08-23,2025-08-31,False,-23.0,Overdue Restock
S00423,W002,Smithhaven,2025-05-23,2025-06-01,P0098,34,331.41,D00422,"Sandoval, Parrish and Crosby",DELIVERED,9,0,Signed,C00043,Delay,216.99,APPROVED,2025-06-22,2025-07-09,Delayed by 3 days,92,90+ days old,,,,,,False,,
S00424,W010,North Christine,2025-05-20,2025-05-23,P0011,25,462.52,D00423,"Rodriguez, Reese and Reyes",DELIVERED,3,1,Signed,C00291,Delay,878.68,APPROVED,2025-04-13,2025-04-25,On time,162,90+ days old,W010,908.0,241.0,2025-09-04,2025-09-26,False,3.0,Restock Within 7 Days
S00424,W010,North Christine,2025-05-20,2025-05-23,P0011,25,462.52,D00423,"Rodriguez, Reese and Reyes",DELIVERED,3,1,Signed,C00291,Delay,878.68,APPROVED,2025-04-13,2025-04-25,On time,162,90+ days old,W010,646.0,224.0,2025-09-05,2025-09-29,False,6.0,Restock Within 7 Days
S00424,W010,North Christine,2025-05-20,2025-05-23,P0011,25,462.52,D00423,"Rodriguez, Reese and Reyes",DELIVERED,3,1,Signed,C00291,Delay,878.68,APPROVED,2025-04-13,2025-04-25,On time,162,90+ days old,W010,331.0,157.0,2025-09-09,2025-09-30,False,7.0,Restock Within 7 Days
S00424,W010,North Christine,2025-05-20,2025-05-23,P0011,25,462.52,D00423,"Rodriguez, Reese and Reyes",DELIVERED,3,1,Signed,C00293,Damage,963.4,REJECTED,2025-08-29,2025-09-15,On time,24,0-30 days old,W010,908.0,241.0,2025-09-04,2025-09-26,False,3.0,Restock Within 7 Days
S00424,W010,North Christine,2025-05-20,2025-05-23,P0011,25,462.52,D00423,"Rodriguez, Reese and Reyes",DELIVERED,3,1,Signed,C00293,Damage,963.4,REJECTED,2025-08-29,2025-09-15,On time,24,0-30 days old,W010,646.0,224.0,2025-09-05,2025-09-29,False,6.0,Restock Within 7 Days
S00424,W010,North Christine,2025-05-20,2025-05-23,P0011,25,462.52,D00423,"Rodriguez, Reese and Reyes",DELIVERED,3,1,Signed,C00293,Damage,963.4,REJECTED,2025-08-29,2025-09-15,On time,24,0-30 days old,W010,331.0,157.0,2025-09-09,2025-09-30,False,7.0,Restock Within 7 Days
S00433,W002,West Jeffreyland,2025-03-13,2025-03-16,P0002,162,370.98,D00432,Roth Ltd,DELAYED,3,1,Signed,C00148,Delay,728.99,REJECTED,2025-06-26,2025-07-09,On time,88,61-90 days old,W002,357.0,157.0,2025-08-14,2025-08-23,False,-31.0,Overdue Restock
S00433,W002,West Jeffreyland,2025-03-13,2025-03-16,P0002,162,370.98,D00432,Roth Ltd,DELAYED,3,1,Signed,C00148,Delay,728.99,REJECTED,2025-06-26,2025-07-09,On time,88,61-90 days old,W002,740.0,103.0,2025-08-03,2025-09-02,False,-21.0,Overdue Restock
S00433,W002,West Jeffreyland,2025-03-13,2025-03-16,P0002,162,370.98,D00432,Roth Ltd,DELAYED,3,1,Signed,C00244,Lost Package,182.82,PENDING,2025-08-24,2025-09-06,On time,29,0-30 days old,W002,357.0,157.0,2025-08-14,2025-08-23,False,-31.0,Overdue Restock
S00433,W002,West Jeffreyland,2025-03-13,2025-03-16,P0002,162,370.98,D00432,Roth Ltd,DELAYED,3,1,Signed,C00244,Lost Package,182.82,PENDING,2025-08-24,2025-09-06,On time,29,0-30 days old,W002,740.0,103.0,2025-08-03,2025-09-02,False,-21.0,Overdue Restock
S00436,W008,Shortton,2025-07-08,2025-07-12,P0032,45,408.66,D00435,Ramsey and Sons,LOST,4,1,Signed,C00074,Damage,379.54,APPROVED,2025-08-21,2025-09-09,On time,32,31-60 days old,W008,286.0,255.0,2025-09-09,2025-10-04,False,11.0,Restock Within 30 Days
S00436,W008,Shortton,2025-07-08,2025-07-12,P0032,45,408.66,D00435,Ramsey and Sons,LOST,4,1,Signed,C00074,Damage,379.54,APPROVED,2025-08-21,2025-09-09,On time,32,31-60 days old,W008,335.0,246.0,2025-09-07,2025-10-01,False,8.0,Restock Within 30 Days
S00436,W008,Shortton,2025-07-08,2025-07-12,P0032,45,408.66,D00435,Ramsey and Sons,LOST,4,1,Signed,C00074,Damage,379.54,APPROVED,2025-08-21,2025-09-09,On time,32,31-60 days old,W008,599.0,226.0,2025-08-19,2025-09-02,False,-21.0,Overdue Restock
S00436,W008,Shortton,2025-07-08,2025-07-12,P0032,45,408.66,D00435,Ramsey and Sons,LOST,4,1,Signed,C00074,Damage,379.54,APPROVED,2025-08-21,2025-09-09,On time,32,31-60 days old,W008,228.0,262.0,2025-08-30,2025-09-06,True,-17.0,Overdue Restock
S00436,W008,Shortton,2025-07-08,2025-07-12,P0032,45,408.66,D00435,Ramsey and Sons,LOST,4,1,Signed,C00216,Delay,896.32,REJECTED,2025-06-26,2025-07-16,On time,88,61-90 days old,W008,286.0,255.0,2025-09-09,2025-10-04,False,11.0,Restock Within 30 Days
S00436,W008,Shortton,2025-07-08,2025-07-12,P0032,45,408.66,D00435,Ramsey and Sons,LOST,4,1,Signed,C00216,Delay,896.32,REJECTED,2025-06-26,2025-07-16,On time,88,61-90 days old,W008,335.0,246.0,2025-09-07,2025-10-01,False,8.0,Restock Within 30 Days
S00436,W008,Shortton,2025-07-08,2025-07-12,P0032,45,408.66,D00435,Ramsey and Sons,LOST,4,1,Signed,C00216,Delay,896.32,REJECTED,2025-06-26,2025-07-16,On time,88,61-90 days old,W008,599.0,226.0,2025-08-19,2025-09-02,False,-21.0,Overdue Restock
S00436,W008,Shortton,2025-07-08,2025-07-12,P0032,45,408.66,D00435,Ramsey and Sons,LOST,4,1,Signed,C00216,Delay,896.32,REJECTED,2025-06-26,2025-07-16,On time,88,61-90 days old,W008,228.0,262.0,2025-08-30,2025-09-06,True,-17.0,Overdue Restock
S00440,W006,New Colleen,2025-04-14,2025-04-16,P0067,160,345.95,D00439,Thomas-Burton,LOST,2,1,Pending,C00139,Lost Package,685.26,PENDING,2025-09-06,2025-09-16,On time,16,0-30 days old,W006,383.0,196.0,2025-07-24,2025-08-15,False,-39.0,Overdue Restock
S00440,W006,New Colleen,2025-04-14,2025-04-16,P0067,160,345.95,D00439,Thomas-Burton,LOST,2,1,Pending,C00139,Lost Package,685.26,PENDING,2025-09-06,2025-09-16,On time,16,0-30 days old,W006,485.0,267.0,2025-07-19,2025-08-14,False,-40.0,Overdue Restock
S00440,W006,New Colleen,2025-04-14,2025-04-16,P0067,160,345.95,D00439,Thomas-Burton,LOST,2,1,Pending,C00255,Delay,426.72,PENDING,2025-08-30,2025-09-18,On time,23,0-30 days old,W006,383.0,196.0,2025-07-24,2025-08-15,False,-39.0,Overdue Restock
S00440,W006,New Colleen,2025-04-14,2025-04-16,P0067,160,345.95,D00439,Thomas-Burton,LOST,2,1,Pending,C00255,Delay,426.72,PENDING,2025-08-30,2025-09-18,On time,23,0-30 days old,W006,485.0,267.0,2025-07-19,2025-08-14,False,-40.0,Overdue Restock
S00442,W009,Parkchester,2025-03-31,2025-04-02,P0055,98,137.93,D00441,Daniels LLC,DELIVERED,2,0,Pending,C00023,Incorrect Delivery,403.58,REJECTED,2025-08-25,2025-08-26,On time,28,0-30 days old,W009,292.0,182.0,2025-07-30,2025-08-18,False,-36.0,Overdue Restock
S00442,W009,Parkchester,2025-03-31,2025-04-02,P0055,98,137.93,D00441,Daniels LLC,DELIVERED,2,0,Pending,C00023,Incorrect Delivery,403.58,REJECTED,2025-08-25,2025-08-26,On time,28,0-30 days old,W009,416.0,281.0,2025-08-07,2025-08-24,False,-30.0,Overdue Restock
S00446,W003,Meganchester,2025-08-06,2025-08-09,P0059,20,273.17,D00445,"Adams, Stephens and Smith",DELIVERED,3,1,Pending,C00271,Delay,102.6,REJECTED,2025-04-29,2025-05-04,On time,146,90+ days old,W003,15.0,142.0,2025-07-15,2025-07-25,True,-60.0,Overdue Restock
S00446,W003,Meganchester,2025-08-06,2025-08-09,P0059,20,273.17,D00445,"Adams, Stephens and Smith",DELIVERED,3,1,Pending,C00271,Delay,102.6,REJECTED,2025-04-29,2025-05-04,On time,146,90+ days old,W003,302.0,128.0,2025-08-16,2025-09-14,False,-9.0,Overdue Restock
S00448,W004,New Amy,2025-05-22,2025-05-27,P0062,198,395.76,D00447,Hunt Group,DELIVERED,5,0,Pending,C00089,Delay,289.84,REJECTED,2025-06-05,2025-06-22,On time,109,90+ days old,W004,43.0,110.0,2025-07-19,2025-08-02,True,-52.0,Overdue Restock
S00449,W006,Michaelmouth,2025-06-05,2025-06-13,P0027,112,132.91,D00448,Smith and Sons,LOST,8,1,Signed,C00003,Lost Package,715.24,REJECTED,2025-08-17,2025-08-29,Delayed by 2 days,36,31-60 days old,,,,,,False,,
S00449,W006,Michaelmouth,2025-06-05,2025-06-13,P0027,112,132.91,D00448,Smith and Sons,LOST,8,1,Signed,C00299,Lost Package,571.62,PENDING,2025-05-01,2025-05-12,Delayed by 2 days,144,90+ days old,,,,,,False,,
S00452,W010,Traceyborough,2025-05-11,2025-05-18,P0006,17,139.61,D00451,Dorsey Ltd,DELIVERED,7,0,Signed,C00207,Incorrect Delivery,554.64,REJECTED,2025-08-30,2025-09-02,Delayed by 1 day,23,0-30 days old,W010,798.0,132.0,2025-08-23,2025-09-16,False,-7.0,Overdue Restock
S00452,W010,Traceyborough,2025-05-11,2025-05-18,P0006,17,139.61,D00451,Dorsey Ltd,DELIVERED,7,0,Signed,C00207,Incorrect Delivery,554.64,REJECTED,2025-08-30,2025-09-02,Delayed by 1 day,23,0-30 days old,W010,904.0,230.0,2025-08-01,2025-08-09,False,-45.0,Overdue Restock
S00454,W006,North Benjamin,2025-05-19,2025-05-29,P0032,55,138.19,D00453,Vasquez Inc,IN TRANSIT,10,1,Signed,C00042,Damage,488.1,REJECTED,2025-08-01,2025-08-02,Delayed by 4 days,52,31-60 days old,W006,283.0,214.0,2025-08-23,2025-08-31,False,-23.0,Overdue Restock
S00455,W003,East Joseph,2025-07-02,2025-07-08,P0013,15,424.15,D00454,Garcia LLC,IN TRANSIT,6,1,Pending,C00183,Damage,937.89,APPROVED,2025-06-17,2025-07-02,On time,97,90+ days old,W003,232.0,217.0,2025-09-07,2025-09-17,False,-6.0,Overdue Restock
S00457,W004,New Ricardoborough,2025-07-31,2025-08-06,P0059,71,216.34,D00456,Mclean-Gillespie,LOST,6,1,Missing,C00091,Damage,160.3,APPROVED,2025-07-13,2025-07-19,On time,71,61-90 days old,W004,322.0,291.0,2025-07-21,2025-07-31,False,-54.0,Overdue Restock
S00459,W002,Petersenshire,2025-03-29,2025-04-01,P0019,43,407.7,D00458,Moreno-Greene,DELIVERED,3,1,Pending,C00058,Damage,233.32,PENDING,2025-04-27,2025-05-01,On time,148,90+ days old,,,,,,False,,
S00461,W010,Port Brianmouth,2025-05-17,2025-05-25,P0082,72,464.46,D00460,"Roth, Bailey and Garcia",DELIVERED,8,1,Signed,C00268,Damage,830.05,APPROVED,2025-06-02,2025-06-14,Delayed by 2 days,112,90+ days old,W010,312.0,221.0,2025-08-11,2025-09-09,False,-14.0,Overdue Restock
S00462,W010,Butlerville,2025-08-07,2025-08-12,P0069,85,405.31,D00461,Stanley-Cantu,DELIVERED,5,1,Pending,C00197,Incorrect Delivery,911.05,APPROVED,2025-06-25,2025-07-02,On time,89,61-90 days old,,,,,,False,,
S00466,W009,West Wayne,2025-04-22,2025-04-30,P0097,175,388.01,D00465,Briggs-Wilson,DELIVERED,8,1,Missing,C00256,Incorrect Delivery,121.04,REJECTED,2025-08-02,2025-08-10,Delayed by 2 days,51,31-60 days old,W009,172.0,107.0,2025-08-29,2025-09-24,False,1.0,Restock Within 7 Days
S00469,W008,East Ryanfurt,2025-04-08,2025-04-17,P0035,158,230.43,D00468,Saunders LLC,DELIVERED,9,1,Pending,C00240,Incorrect Delivery,924.4,PENDING,2025-04-24,2025-05-06,Delayed by 3 days,151,90+ days old,,,,,,False,,
S00473,W003,South Anita,2025-06-13,2025-06-16,P0038,123,283.47,D00472,Reyes PLC,IN TRANSIT,3,1,Missing,C00052,Incorrect Delivery,102.46,PENDING,2025-08-30,2025-09-17,On time,23,0-30 days old,,,,,,False,,
S00480,W006,Hansonmouth,2025-03-19,2025-03-21,P0070,61,200.19,D00479,Brown LLC,IN TRANSIT,2,0,Pending,C00298,Lost Package,292.0,REJECTED,2025-08-26,2025-09-07,On time,27,0-30 days old,W006,735.0,111.0,2025-07-14,2025-08-09,False,-45.0,Overdue Restock
S00492,W005,West Michellefurt,2025-04-24,2025-04-26,P0064,178,425.43,D00491,Cannon Group,DELIVERED,2,0,Signed,C00088,Lost Package,323.42,PENDING,2025-05-25,2025-06-05,On time,120,90+ days old,W005,130.0,158.0,2025-08-14,2025-09-10,True,-13.0,Overdue Restock
S00493,W006,Romeroville,2025-05-11,2025-05-16,P0054,118,358.59,D00492,"Taylor, Rose and Rush",DELIVERED,5,0,Missing,C00181,Incorrect Delivery,992.47,PENDING,2025-08-24,2025-08-31,On time,29,0-30 days old,W006,267.0,151.0,2025-08-02,2025-08-19,False,-35.0,Overdue Restock
S00493,W006,Romeroville,2025-05-11,2025-05-16,P0054,118,358.59,D00492,"Taylor, Rose and Rush",DELIVERED,5,0,Missing,C00181,Incorrect Delivery,992.47,PENDING,2025-08-24,2025-08-31,On time,29,0-30 days old,W006,252.0,153.0,2025-07-31,2025-08-17,False,-37.0,Overdue Restock
S00499,W002,Joelhaven,2025-05-03,2025-05-13,P0023,18,421.91,D00498,Ellison-Shaw,LOST,10,0,Signed,C00263,Incorrect Delivery,361.71,PENDING,2025-07-01,2025-07-06,Delayed by 4 days,83,61-90 days old,W002,671.0,138.0,2025-07-25,2025-08-12,False,-42.0,Overdue Restock
S00500,W010,Lake Jonathanfurt,2025-03-16,2025-03-25,P0004,57,139.55,D00499,"Perez, Huynh and Nelson",DELIVERED,9,1,Pending,C00264,Lost Package,446.59,PENDING,2025-07-18,2025-07-21,Delayed by 3 days,66,61-90 days old,,,,,,False,,
S00502,W009,North Jessica,2025-06-20,2025-06-23,P0059,24,215.89,D00501,"Lewis, Montgomery and Robinson",IN TRANSIT,3,1,Missing,C00199,Delay,127.63,REJECTED,2025-05-24,2025-06-11,On time,121,90+ days old,W009,859.0,113.0,2025-09-07,2025-09-16,False,-7.0,Overdue Restock
S00502,W009,North Jessica,2025-06-20,2025-06-23,P0059,24,215.89,D00501,"Lewis, Montgomery and Robinson",IN TRANSIT,3,1,Missing,C00199,Delay,127.63,REJECTED,2025-05-24,2025-06-11,On time,121,90+ days old,W009,669.0,270.0,2025-08-29,2025-09-11,False,-12.0,Overdue Restock
S00502,W009,North Jessica,2025-06-20,2025-06-23,P0059,24,215.89,D00501,"Lewis, Montgomery and Robinson",IN TRANSIT,3,1,Missing,C00199,Delay,127.63,REJECTED,2025-05-24,2025-06-11,On time,121,90+ days old,W009,679.0,124.0,2025-07-14,2025-08-11,False,-43.0,Overdue Restock
S00508,W008,Lake Sarah,2025-04-10,2025-04-16,P0026,11,495.99,D00507,Morrison-Bradford,LOST,6,0,Signed,C00138,Delay,335.96,REJECTED,2025-07-28,2025-08-01,On time,56,31-60 days old,W008,923.0,264.0,2025-08-25,2025-09-02,False,-21.0,Overdue Restock
S00512,W008,Scottview,2025-04-09,2025-04-16,P0090,192,406.56,D00511,Allen Inc,IN TRANSIT,7,1,Signed,C00225,Damage,452.71,PENDING,2025-09-06,2025-09-25,Delayed by 1 day,16,0-30 days old,W008,137.0,287.0,2025-08-28,2025-09-09,True,-14.0,Overdue Restock
S00514,W010,Catherinebury,2025-07-04,2025-07-12,P0059,108,459.87,D00513,Williams Inc,DELIVERED,8,1,Pending,C00081,Damage,827.05,APPROVED,2025-08-11,2025-08-31,Delayed by 2 days,42,31-60 days old,W010,602.0,207.0,2025-07-23,2025-08-19,False,-35.0,Overdue Restock
S00514,W010,Catherinebury,2025-07-04,2025-07-12,P0059,108,459.87,D00513,Williams Inc,DELIVERED,8,1,Pending,C00081,Damage,827.05,APPROVED,2025-08-11,2025-08-31,Delayed by 2 days,42,31-60 days old,W010,291.0,141.0,2025-07-14,2025-08-08,False,-46.0,Overdue Restock
S00516,W004,Lake Kimberlyberg,2025-06-16,2025-06-20,P0036,170,291.98,D00515,Benjamin-Porter,DELAYED,4,1,Pending,C00100,Lost Package,935.02,REJECTED,2025-04-28,2025-04-29,On time,147,90+ days old,W004,291.0,209.0,2025-08-23,2025-09-17,False,-6.0,Overdue Restock
S00516,W004,Lake Kimberlyberg,2025-06-16,2025-06-20,P0036,170,291.98,D00515,Benjamin-Porter,DELAYED,4,1,Pending,C00100,Lost Package,935.02,REJECTED,2025-04-28,2025-04-29,On time,147,90+ days old,W004,182.0,167.0,2025-08-23,2025-09-17,False,-6.0,Overdue Restock
S00516,W004,Lake Kimberlyberg,2025-06-16,2025-06-20,P0036,170,291.98,D00515,Benjamin-Porter,DELAYED,4,1,Pending,C00100,Lost Package,935.02,REJECTED,2025-04-28,2025-04-29,On time,147,90+ days old,W004,50.0,202.0,2025-07-29,2025-08-14,True,-40.0,Overdue Restock
S00516,W004,Lake Kimberlyberg,2025-06-16,2025-06-20,P0036,170,291.98,D00515,Benjamin-Porter,DELAYED,4,1,Pending,C00100,Lost Package,935.02,REJECTED,2025-04-28,2025-04-29,On time,147,90+ days old,W004,143.0,202.0,2025-07-23,2025-08-02,True,-52.0,Overdue Restock
S00516,W004,Lake Kimberlyberg,2025-06-16,2025-06-20,P0036,170,291.98,D00515,Benjamin-Porter,DELAYED,4,1,Pending,C00191,Lost Package,890.78,APPROVED,2025-05-20,2025-05-29,On time,125,90+ days old,W004,291.0,209.0,2025-08-23,2025-09-17,False,-6.0,Overdue Restock
S00516,W004,Lake Kimberlyberg,2025-06-16,2025-06-20,P0036,170,291.98,D00515,Benjamin-Porter,DELAYED,4,1,Pending,C00191,Lost Package,890.78,APPROVED,2025-05-20,2025-05-29,On time,125,90+ days old,W004,182.0,167.0,2025-08-23,2025-09-17,False,-6.0,Overdue Restock
S00516,W004,Lake Kimberlyberg,2025-06-16,2025-06-20,P0036,170,291.98,D00515,Benjamin-Porter,DELAYED,4,1,Pending,C00191,Lost Package,890.78,APPROVED,2025-05-20,2025-05-29,On time,125,90+ days old,W004,50.0,202.0,2025-07-29,2025-08-14,True,-40.0,Overdue Restock
S00516,W004,Lake Kimberlyberg,2025-06-16,2025-06-20,P0036,170,291.98,D00515,Benjamin-Porter,DELAYED,4,1,Pending,C00191,Lost Package,890.78,APPROVED,2025-05-20,2025-05-29,On time,125,90+ days old,W004,143.0,202.0,2025-07-23,2025-08-02,True,-52.0,Overdue Restock
S00526,W003,New Danielmouth,2025-03-19,2025-03-21,P0078,35,129.76,D00525,Mack and Sons,IN TRANSIT,2,1,Signed,C00098,Incorrect Delivery,910.75,PENDING,2025-07-12,2025-07-15,On time,72,61-90 days old,W003,407.0,222.0,2025-08-25,2025-09-22,False,-1.0,Overdue Restock
S00530,W001,Stevenchester,2025-05-07,2025-05-17,P0083,179,372.38,D00529,Williams-Marquez,IN TRANSIT,10,0,Pending,C00146,Damage,808.55,APPROVED,2025-07-04,2025-07-24,Delayed by 4 days,80,61-90 days old,W001,289.0,182.0,2025-08-18,2025-09-12,False,-11.0,Overdue Restock
S00533,W004,Port Brenda,2025-07-24,2025-07-31,P0031,61,91.12,D00532,"Gamble, Davis and Smith",IN TRANSIT,7,0,Missing,C00278,Delay,244.83,APPROVED,2025-07-02,2025-07-17,Delayed by 1 day,82,61-90 days old,W004,57.0,265.0,2025-07-19,2025-08-16,True,-38.0,Overdue Restock
S00542,W006,South Kylemouth,2025-05-06,2025-05-08,P0009,65,234.99,D00541,Williams-Trevino,DELAYED,2,0,Pending,C00083,Incorrect Delivery,674.99,REJECTED,2025-07-13,2025-07-16,On time,71,61-90 days old,W006,335.0,180.0,2025-08-06,2025-08-20,False,-34.0,Overdue Restock
S00542,W006,South Kylemouth,2025-05-06,2025-05-08,P0009,65,234.99,D00541,Williams-Trevino,DELAYED,2,0,Pending,C00083,Incorrect Delivery,674.99,REJECTED,2025-07-13,2025-07-16,On time,71,61-90 days old,W006,181.0,134.0,2025-08-14,2025-09-09,False,-14.0,Overdue Restock
S00547,W010,Chavezmouth,2025-03-26,2025-04-04,P0049,140,338.27,D00546,Oliver Ltd,DELIVERED,9,0,Pending,C00179,Incorrect Delivery,994.04,PENDING,2025-04-27,2025-05-15,Delayed by 3 days,148,90+ days old,,,,,,False,,
S00554,W001,South Kara,2025-05-19,2025-05-29,P0054,175,415.72,D00553,Lowery Group,DELIVERED,10,1,Signed,C00221,Incorrect Delivery,739.43,PENDING,2025-06-07,2025-06-16,Delayed by 4 days,107,90+ days old,W001,704.0,167.0,2025-08-22,2025-09-17,False,-6.0,Overdue Restock
S00554,W001,South Kara,2025-05-19,2025-05-29,P0054,175,415.72,D00553,Lowery Group,DELIVERED,10,1,Signed,C00221,Incorrect Delivery,739.43,PENDING,2025-06-07,2025-06-16,Delayed by 4 days,107,90+ days old,W001,843.0,205.0,2025-08-26,2025-09-14,False,-9.0,Overdue Restock
S00555,W001,North Kaylamouth,2025-05-21,2025-05-26,P0094,94,204.23,D00554,Gonzalez-Murphy,LOST,5,1,Signed,C00247,Lost Package,190.51,REJECTED,2025-06-29,2025-07-18,On time,85,61-90 days old,,,,,,False,,
S00556,W004,Wilkinschester,2025-06-25,2025-07-05,P0007,180,494.77,D00555,Peterson-Munoz,DELIVERED,10,0,Missing,C00126,Delay,100.31,REJECTED,2025-08-04,2025-08-12,Delayed by 4 days,49,31-60 days old,,,,,,False,,
S00560,W010,New Jessicahaven,2025-03-28,2025-04-07,P0027,70,278.34,D00559,Carroll-Huerta,DELIVERED,10,0,Missing,C00121,Delay,748.32,REJECTED,2025-08-24,2025-09-07,Delayed by 4 days,29,0-30 days old,,,,,,False,,
S00561,W007,Ramseyport,2025-06-01,2025-06-10,P0040,52,374.75,D00560,Brown-Stokes,IN TRANSIT,9,0,Signed,C00233,Damage,836.05,PENDING,2025-06-22,2025-07-04,Delayed by 3 days,92,90+ days old,W007,758.0,186.0,2025-07-20,2025-07-31,False,-54.0,Overdue Restock
S00563,W005,Sarashire,2025-06-15,2025-06-24,P0082,61,172.34,D00562,Parrish Ltd,DELIVERED,9,0,Signed,C00036,Lost Package,585.68,APPROVED,2025-04-16,2025-04-26,Delayed by 3 days,159,90+ days old,W005,233.0,107.0,2025-07-16,2025-07-29,False,-56.0,Overdue Restock
S00567,W007,Port Christina,2025-05-30,2025-06-02,P0098,86,317.83,D00566,Savage-Warren,DELAYED,3,0,Signed,C00260,Damage,784.95,REJECTED,2025-06-09,2025-06-21,On time,105,90+ days old,W007,664.0,120.0,2025-08-14,2025-08-23,False,-31.0,Overdue Restock
S00567,W007,Port Christina,2025-05-30,2025-06-02,P0098,86,317.83,D00566,Savage-Warren,DELAYED,3,0,Signed,C00260,Damage,784.95,REJECTED,2025-06-09,2025-06-21,On time,105,90+ days old,W007,427.0,101.0,2025-09-01,2025-09-20,False,-3.0,Overdue Restock
S00568,W003,Williamsstad,2025-06-27,2025-07-07,P0094,54,165.78,D00567,"Orozco, White and Brown",DELAYED,10,1,Missing,C00055,Delay,190.34,APPROVED,2025-05-05,2025-05-14,Delayed by 4 days,140,90+ days old,W003,508.0,172.0,2025-08-24,2025-09-04,False,-19.0,Overdue Restock
S00568,W003,Williamsstad,2025-06-27,2025-07-07,P0094,54,165.78,D00567,"Orozco, White and Brown",DELAYED,10,1,Missing,C00055,Delay,190.34,APPROVED,2025-05-05,2025-05-14,Delayed by 4 days,140,90+ days old,W003,273.0,121.0,2025-08-15,2025-08-27,False,-27.0,Overdue Restock
S00568,W003,Williamsstad,2025-06-27,2025-07-07,P0094,54,165.78,D00567,"Orozco, White and Brown",DELAYED,10,1,Missing,C00055,Delay,190.34,APPROVED,2025-05-05,2025-05-14,Delayed by 4 days,140,90+ days old,W003,199.0,163.0,2025-07-16,2025-08-11,False,-43.0,Overdue Restock
S00570,W010,Jonathanland,2025-05-09,2025-05-18,P0010,95,111.5,D00569,Gonzalez Group,DELIVERED,9,0,Pending,C00136,Damage,460.55,REJECTED,2025-06-28,2025-06-29,Delayed by 3 days,86,61-90 days old,,,,,,False,,
S00572,W009,North Ginamouth,2025-05-26,2025-06-02,P0063,113,466.56,D00571,Sheppard Group,IN TRANSIT,7,0,Missing,C00117,Delay,399.98,APPROVED,2025-05-02,2025-05-14,Delayed by 1 day,143,90+ days old,W009,558.0,227.0,2025-08-10,2025-08-27,False,-27.0,Overdue Restock
S00572,W009,North Ginamouth,2025-05-26,2025-06-02,P0063,113,466.56,D00571,Sheppard Group,IN TRANSIT,7,0,Missing,C00117,Delay,399.98,APPROVED,2025-05-02,2025-05-14,Delayed by 1 day,143,90+ days old,W009,289.0,247.0,2025-09-03,2025-09-20,False,-3.0,Overdue Restock
S00572,W009,North Ginamouth,2025-05-26,2025-06-02,P0063,113,466.56,D00571,Sheppard Group,IN TRANSIT,7,0,Missing,C00253,Damage,525.23,REJECTED,2025-05-09,2025-05-25,Delayed by 1 day,136,90+ days old,W009,558.0,227.0,2025-08-10,2025-08-27,False,-27.0,Overdue Restock
S00572,W009,North Ginamouth,2025-05-26,2025-06-02,P0063,113,466.56,D00571,Sheppard Group,IN TRANSIT,7,0,Missing,C00253,Damage,525.23,REJECTED,2025-05-09,2025-05-25,Delayed by 1 day,136,90+ days old,W009,289.0,247.0,2025-09-03,2025-09-20,False,-3.0,Overdue Restock
S00574,W010,Hendrickston,2025-07-14,2025-07-17,P0053,19,496.61,D00573,Hoffman PLC,DELIVERED,3,0,Signed,C00111,Delay,517.02,APPROVED,2025-07-01,2025-07-20,On time,83,61-90 days old,W010,703.0,160.0,2025-07-16,2025-07-23,False,-62.0,Overdue Restock
S00574,W010,Hendrickston,2025-07-14,2025-07-17,P0053,19,496.61,D00573,Hoffman PLC,DELIVERED,3,0,Signed,C00111,Delay,517.02,APPROVED,2025-07-01,2025-07-20,On time,83,61-90 days old,W010,518.0,263.0,2025-08-15,2025-08-31,False,-23.0,Overdue Restock
S00575,W002,South Eric,2025-06-08,2025-06-16,P0073,51,137.4,D00574,Miller Ltd,DELIVERED,8,0,Pending,C00068,Damage,400.39,REJECTED,2025-08-06,2025-08-13,Delayed by 2 days,47,31-60 days old,W002,952.0,218.0,2025-08-30,2025-09-08,False,-15.0,Overdue Restock
S00579,W006,Laurenstad,2025-03-23,2025-03-25,P0090,180,340.4,D00578,Lin-Wilson,DELAYED,2,1,Pending,C00065,Incorrect Delivery,263.55,REJECTED,2025-04-23,2025-05-10,On time,152,90+ days old,,,,,,False,,
S00579,W006,Laurenstad,2025-03-23,2025-03-25,P0090,180,340.4,D00578,Lin-Wilson,DELAYED,2,1,Pending,C00251,Incorrect Delivery,243.38,REJECTED,2025-07-24,2025-08-08,On time,60,31-60 days old,,,,,,False,,
S00581,W010,Simsburgh,2025-06-29,2025-07-03,P0002,39,396.94,D00580,Harding-Mathews,IN TRANSIT,4,1,Missing,C00150,Lost Package,719.82,PENDING,2025-04-20,2025-05-01,On time,155,90+ days old,W010,127.0,178.0,2025-08-27,2025-09-21,True,-2.0,Overdue Restock
S00581,W010,Simsburgh,2025-06-29,2025-07-03,P0002,39,396.94,D00580,Harding-Mathews,IN TRANSIT,4,1,Missing,C00150,Lost Package,719.82,PENDING,2025-04-20,2025-05-01,On time,155,90+ days old,W010,131.0,232.0,2025-08-18,2025-08-29,True,-25.0,Overdue Restock
S00582,W007,Lopezville,2025-08-09,2025-08-17,P0091,160,488.37,D00581,"Cole, Montes and Davis",DELAYED,8,0,Signed,C00224,Damage,235.85,PENDING,2025-08-10,2025-08-28,Delayed by 2 days,43,31-60 days old,W007,973.0,259.0,2025-08-12,2025-09-03,False,-20.0,Overdue Restock
S00585,W009,Shannonport,2025-04-21,2025-04-29,P0076,88,380.27,D00584,"Gray, Bailey and Farley",DELIVERED,8,0,Signed,C00104,Incorrect Delivery,975.27,APPROVED,2025-09-05,2025-09-20,Delayed by 2 days,17,0-30 days old,,,,,,False,,
S00588,W007,Steinberg,2025-04-16,2025-04-22,P0001,53,417.38,D00587,"Fuentes, Martinez and Porter",DELAYED,6,0,Missing,C00079,Damage,383.54,REJECTED,2025-08-01,2025-08-04,On time,52,31-60 days old,W007,274.0,276.0,2025-09-02,2025-09-15,True,-8.0,Overdue Restock
S00591,W006,East Jenny,2025-06-08,2025-06-12,P0091,44,139.11,D00590,Ellis LLC,DELIVERED,4,0,Missing,C00013,Incorrect Delivery,992.96,PENDING,2025-07-17,2025-07-24,On time,67,61-90 days old,W006,537.0,199.0,2025-08-24,2025-09-16,False,-7.0,Overdue Restock
S00591,W006,East Jenny,2025-06-08,2025-06-12,P0091,44,139.11,D00590,Ellis LLC,DELIVERED,4,0,Missing,C00013,Incorrect Delivery,992.96,PENDING,2025-07-17,2025-07-24,On time,67,61-90 days old,W006,179.0,174.0,2025-08-03,2025-08-19,False,-35.0,Overdue Restock
S00591,W006,East Jenny,2025-06-08,2025-06-12,P0091,44,139.11,D00590,Ellis LLC,DELIVERED,4,0,Missing,C00013,Incorrect Delivery,992.96,PENDING,2025-07-17,2025-07-24,On time,67,61-90 days old,W006,488.0,255.0,2025-08-11,2025-08-27,False,-27.0,Overdue Restock
S00592,W003,Reeveshaven,2025-04-02,2025-04-12,P0015,125,305.19,D00591,Tran and Sons,DELIVERED,10,1,Missing,C00259,Delay,442.13,APPROVED,2025-08-05,2025-08-08,Delayed by 4 days,48,31-60 days old,,,,,,False,,
S00593,W004,West Sarahland,2025-05-14,2025-05-18,P0026,25,387.46,D00592,"Graham, Mitchell and Keller",DELIVERED,4,1,Pending,C00218,Delay,853.76,PENDING,2025-04-18,2025-04-27,On time,157,90+ days old,W004,710.0,124.0,2025-08-14,2025-09-07,False,-16.0,Overdue Restock
S00593,W004,West Sarahland,2025-05-14,2025-05-18,P0026,25,387.46,D00592,"Graham, Mitchell and Keller",DELIVERED,4,1,Pending,C00218,Delay,853.76,PENDING,2025-04-18,2025-04-27,On time,157,90+ days old,W004,310.0,141.0,2025-08-03,2025-08-23,False,-31.0,Overdue Restock
S00603,W004,Williamstown,2025-06-10,2025-06-17,P0086,112,220.3,D00602,Odonnell-Newman,DELIVERED,7,0,Pending,C00076,Incorrect Delivery,699.88,PENDING,2025-08-07,2025-08-16,Delayed by 1 day,46,31-60 days old,,,,,,False,,
S00607,W010,Lake Katherine,2025-06-22,2025-07-01,P0066,115,347.1,D00606,Johnson-Johnson,DELIVERED,9,0,Pending,C00223,Incorrect Delivery,246.46,PENDING,2025-05-24,2025-06-01,Delayed by 3 days,121,90+ days old,W010,85.0,138.0,2025-07-20,2025-07-27,True,-58.0,Overdue Restock
S00609,W001,Port Leahmouth,2025-03-29,2025-04-05,P0087,123,155.1,D00608,"Greene, Rogers and Haley",DELIVERED,7,1,Pending,C00143,Damage,592.03,REJECTED,2025-06-10,2025-06-11,Delayed by 1 day,104,90+ days old,W001,99.0,116.0,2025-08-01,2025-08-10,True,-44.0,Overdue Restock
S00611,W006,East Douglas,2025-07-08,2025-07-16,P0061,178,435.7,D00610,Jensen Group,DELAYED,8,1,Pending,C00067,Lost Package,546.56,PENDING,2025-07-27,2025-07-31,Delayed by 2 days,57,31-60 days old,,,,,,False,,
S00617,W002,South Lisaville,2025-05-13,2025-05-16,P0056,193,63.15,D00616,"Mueller, Cameron and Burton",DELIVERED,3,0,Signed,C00130,Damage,482.42,REJECTED,2025-04-15,2025-04-18,On time,160,90+ days old,W002,988.0,129.0,2025-08-12,2025-08-25,False,-29.0,Overdue Restock
S00622,W007,Bradleymouth,2025-06-24,2025-07-04,P0056,69,150.6,D00621,"Knapp, Miller and Reyes",DELIVERED,10,0,Pending,C00002,Incorrect Delivery,566.76,REJECTED,2025-08-30,2025-09-18,Delayed by 4 days,23,0-30 days old,W007,386.0,121.0,2025-07-20,2025-08-11,False,-43.0,Overdue Restock
S00622,W007,Bradleymouth,2025-06-24,2025-07-04,P0056,69,150.6,D00621,"Knapp, Miller and Reyes",DELIVERED,10,0,Pending,C00069,Incorrect Delivery,240.93,APPROVED,2025-05-20,2025-05-29,Delayed by 4 days,125,90+ days old,W007,386.0,121.0,2025-07-20,2025-08-11,False,-43.0,Overdue Restock
S00622,W007,Bradleymouth,2025-06-24,2025-07-04,P0056,69,150.6,D00621,"Knapp, Miller and Reyes",DELIVERED,10,0,Pending,C00202,Incorrect Delivery,966.08,PENDING,2025-06-21,2025-06-30,Delayed by 4 days,93,90+ days old,W007,386.0,121.0,2025-07-20,2025-08-11,False,-43.0,Overdue Restock
S00629,W002,Port Dwayneberg,2025-06-06,2025-06-14,P0002,147,433.56,D00628,"Camacho, Rodriguez and Ho",DELAYED,8,0,Pending,C00128,Damage,892.3,PENDING,2025-08-21,2025-08-30,Delayed by 2 days,32,31-60 days old,W002,357.0,157.0,2025-08-14,2025-08-23,False,-31.0,Overdue Restock
S00629,W002,Port Dwayneberg,2025-06-06,2025-06-14,P0002,147,433.56,D00628,"Camacho, Rodriguez and Ho",DELAYED,8,0,Pending,C00128,Damage,892.3,PENDING,2025-08-21,2025-08-30,Delayed by 2 days,32,31-60 days old,W002,740.0,103.0,2025-08-03,2025-09-02,False,-21.0,Overdue Restock
S00629,W002,Port Dwayneberg,2025-06-06,2025-06-14,P0002,147,433.56,D00628,"Camacho, Rodriguez and Ho",DELAYED,8,0,Pending,C00164,Incorrect Delivery,488.21,APPROVED,2025-07-23,2025-07-25,Delayed by 2 days,61,61-90 days old,W002,357.0,157.0,2025-08-14,2025-08-23,False,-31.0,Overdue Restock
S00629,W002,Port Dwayneberg,2025-06-06,2025-06-14,P0002,147,433.56,D00628,"Camacho, Rodriguez and Ho",DELAYED,8,0,Pending,C00164,Incorrect Delivery,488.21,APPROVED,2025-07-23,2025-07-25,Delayed by 2 days,61,61-90 days old,W002,740.0,103.0,2025-08-03,2025-09-02,False,-21.0,Overdue Restock
S00633,W002,Veronicashire,2025-03-12,2025-03-18,P0091,156,265.23,D00632,Myers Group,DELIVERED,6,1,Pending,C00020,Damage,501.84,REJECTED,2025-08-18,2025-08-29,On time,35,31-60 days old,,,,,,False,,
S00635,W001,Rachelton,2025-03-11,2025-03-18,P0020,193,144.78,D00634,"Jones, Mcdaniel and Brooks",IN TRANSIT,7,0,Missing,C00212,Delay,505.3,REJECTED,2025-09-03,2025-09-07,Delayed by 1 day,19,0-30 days old,W001,618.0,130.0,2025-07-24,2025-08-16,False,-38.0,Overdue Restock
S00641,W009,Mooreberg,2025-04-06,2025-04-14,P0013,43,195.54,D00640,"Smith, Boyd and Scott",LOST,8,1,Missing,C00027,Delay,929.74,PENDING,2025-07-03,2025-07-22,Delayed by 2 days,81,61-90 days old,,,,,,False,,
S00646,W003,Arnoldmouth,2025-05-24,2025-06-01,P0055,183,428.75,D00645,"Case, Adams and Olson",LOST,8,0,Signed,C00096,Lost Package,185.57,REJECTED,2025-06-18,2025-06-21,Delayed by 2 days,96,90+ days old,W003,544.0,294.0,2025-08-23,2025-09-11,False,-12.0,Overdue Restock
S00657,W010,Robertport,2025-05-06,2025-05-10,P0050,133,499.98,D00656,"King, Ortiz and Munoz",DELIVERED,4,0,Missing,C00236,Damage,630.67,PENDING,2025-05-05,2025-05-21,On time,140,90+ days old,W010,764.0,166.0,2025-09-09,2025-10-08,False,15.0,Restock Within 30 Days
S00657,W010,Robertport,2025-05-06,2025-05-10,P0050,133,499.98,D00656,"King, Ortiz and Munoz",DELIVERED,4,0,Missing,C00236,Damage,630.67,PENDING,2025-05-05,2025-05-21,On time,140,90+ days old,W010,460.0,291.0,2025-08-20,2025-09-03,False,-20.0,Overdue Restock
S00661,W009,Lake Veronicatown,2025-05-05,2025-05-14,P0009,142,426.71,D00660,Lewis LLC,DELIVERED,9,1,Signed,C00007,Damage,833.21,REJECTED,2025-09-01,2025-09-12,Delayed by 3 days,21,0-30 days old,W009,277.0,241.0,2025-09-06,2025-09-30,False,7.0,Restock Within 7 Days
S00661,W009,Lake Veronicatown,2025-05-05,2025-05-14,P0009,142,426.71,D00660,Lewis LLC,DELIVERED,9,1,Signed,C00007,Damage,833.21,REJECTED,2025-09-01,2025-09-12,Delayed by 3 days,21,0-30 days old,W009,346.0,163.0,2025-09-09,2025-09-27,False,4.0,Restock Within 7 Days
S00666,W005,Woodburgh,2025-04-30,2025-05-02,P0011,41,277.77,D00665,Guzman-Rose,DELIVERED,2,1,Missing,C00044,Damage,408.15,APPROVED,2025-05-22,2025-05-28,On time,123,90+ days old,W005,304.0,245.0,2025-08-22,2025-09-18,False,-5.0,Overdue Restock
S00666,W005,Woodburgh,2025-04-30,2025-05-02,P0011,41,277.77,D00665,Guzman-Rose,DELIVERED,2,1,Missing,C00044,Damage,408.15,APPROVED,2025-05-22,2025-05-28,On time,123,90+ days old,W005,208.0,135.0,2025-09-07,2025-09-30,False,7.0,Restock Within 7 Days
S00666,W005,Woodburgh,2025-04-30,2025-05-02,P0011,41,277.77,D00665,Guzman-Rose,DELIVERED,2,1,Missing,C00044,Damage,408.15,APPROVED,2025-05-22,2025-05-28,On time,123,90+ days old,W005,78.0,118.0,2025-07-30,2025-08-22,True,-32.0,Overdue Restock
S00666,W005,Woodburgh,2025-04-30,2025-05-02,P0011,41,277.77,D00665,Guzman-Rose,DELIVERED,2,1,Missing,C00044,Damage,408.15,APPROVED,2025-05-22,2025-05-28,On time,123,90+ days old,W005,189.0,160.0,2025-08-09,2025-08-22,False,-32.0,Overdue Restock
S00677,W007,Saramouth,2025-05-24,2025-05-28,P0069,62,81.75,D00676,Johnson-Ferguson,LOST,4,1,Pending,C00024,Delay,509.81,REJECTED,2025-08-21,2025-08-31,On time,32,31-60 days old,W007,134.0,196.0,2025-07-12,2025-08-07,True,-47.0,Overdue Restock
S00677,W007,Saramouth,2025-05-24,2025-05-28,P0069,62,81.75,D00676,Johnson-Ferguson,LOST,4,1,Pending,C00024,Delay,509.81,REJECTED,2025-08-21,2025-08-31,On time,32,31-60 days old,W007,450.0,134.0,2025-07-28,2025-08-23,False,-31.0,Overdue Restock
S00678,W005,Suzanneton,2025-03-29,2025-04-03,P0092,105,303.64,D00677,"Williams, Newman and Jones",DELIVERED,5,1,Missing,C00021,Incorrect Delivery,939.16,PENDING,2025-09-07,2025-09-27,On time,15,0-30 days old,W005,146.0,193.0,2025-08-28,2025-09-05,True,-18.0,Overdue Restock
S00681,W005,Destinyfurt,2025-06-08,2025-06-11,P0069,38,357.79,D00680,Hawkins LLC,DELIVERED,3,0,Pending,C00028,Lost Package,983.79,PENDING,2025-04-29,2025-05-19,On time,146,90+ days old,W005,474.0,208.0,2025-07-27,2025-08-21,False,-33.0,Overdue Restock
S00681,W005,Destinyfurt,2025-06-08,2025-06-11,P0069,38,357.79,D00680,Hawkins LLC,DELIVERED,3,0,Pending,C00028,Lost Package,983.79,PENDING,2025-04-29,2025-05-19,On time,146,90+ days old,W005,293.0,172.0,2025-07-23,2025-08-17,False,-37.0,Overdue Restock
S00683,W006,New Matthew,2025-07-23,2025-07-29,P0019,67,173.14,D00682,"Riggs, Snyder and Davidson",DELAYED,6,0,Signed,C00107,Damage,845.93,PENDING,2025-07-05,2025-07-12,On time,79,61-90 days old,W006,829.0,261.0,2025-07-23,2025-08-01,False,-53.0,Overdue Restock
S00684,W002,West Amy,2025-07-19,2025-07-27,P0029,106,478.3,D00683,Cameron PLC,LOST,8,1,Pending,C00004,Lost Package,266.19,REJECTED,2025-05-02,2025-05-20,Delayed by 2 days,143,90+ days old,W002,115.0,293.0,2025-08-12,2025-08-28,True,-26.0,Overdue Restock
S00684,W002,West Amy,2025-07-19,2025-07-27,P0029,106,478.3,D00683,Cameron PLC,LOST,8,1,Pending,C00004,Lost Package,266.19,REJECTED,2025-05-02,2025-05-20,Delayed by 2 days,143,90+ days old,W002,188.0,260.0,2025-09-07,2025-09-20,True,-3.0,Overdue Restock
S00686,W010,Lake Seanbury,2025-07-29,2025-08-07,P0013,145,207.01,D00685,Taylor LLC,IN TRANSIT,9,0,Missing,C00090,Lost Package,624.58,PENDING,2025-08-17,2025-09-06,Delayed by 3 days,36,31-60 days old,W010,868.0,233.0,2025-08-17,2025-08-26,False,-28.0,Overdue Restock
S00688,W001,North Sheenaborough,2025-07-05,2025-07-09,P0041,109,131.3,D00687,"Barrera, Wood and Leach",DELAYED,4,1,Pending,C00232,Incorrect Delivery,743.38,PENDING,2025-09-09,2025-09-10,On time,13,0-30 days old,W001,426.0,145.0,2025-09-09,2025-09-20,False,-3.0,Overdue Restock
S00688,W001,North Sheenaborough,2025-07-05,2025-07-09,P0041,109,131.3,D00687,"Barrera, Wood and Leach",DELAYED,4,1,Pending,C00232,Incorrect Delivery,743.38,PENDING,2025-09-09,2025-09-10,On time,13,0-30 days old,W001,523.0,124.0,2025-08-29,2025-09-17,False,-6.0,Overdue Restock
S00691,W003,North Heather,2025-04-29,2025-05-03,P0019,106,305.4,D00690,Valentine Inc,DELIVERED,4,0,Missing,C00110,Lost Package,812.32,REJECTED,2025-08-16,2025-08-30,On time,37,31-60 days old,W003,892.0,258.0,2025-08-05,2025-09-01,False,-22.0,Overdue Restock
S00691,W003,North Heather,2025-04-29,2025-05-03,P0019,106,305.4,D00690,Valentine Inc,DELIVERED,4,0,Missing,C00110,Lost Package,812.32,REJECTED,2025-08-16,2025-08-30,On time,37,31-60 days old,W003,297.0,233.0,2025-08-29,2025-09-26,False,3.0,Restock Within 7 Days
S00691,W003,North Heather,2025-04-29,2025-05-03,P0019,106,305.4,D00690,Valentine Inc,DELIVERED,4,0,Missing,C00110,Lost Package,812.32,REJECTED,2025-08-16,2025-08-30,On time,37,31-60 days old,W003,534.0,173.0,2025-07-27,2025-08-03,False,-51.0,Overdue Restock
S00691,W003,North Heather,2025-04-29,2025-05-03,P0019,106,305.4,D00690,Valentine Inc,DELIVERED,4,0,Missing,C00110,Lost Package,812.32,REJECTED,2025-08-16,2025-08-30,On time,37,31-60 days old,W003,622.0,174.0,2025-07-13,2025-08-01,False,-53.0,Overdue Restock
S00691,W003,North Heather,2025-04-29,2025-05-03,P0019,106,305.4,D00690,Valentine Inc,DELIVERED,4,0,Missing,C00110,Lost Package,812.32,REJECTED,2025-08-16,2025-08-30,On time,37,31-60 days old,W003,492.0,141.0,2025-09-06,2025-09-20,False,-3.0,Overdue Restock
S00693,W004,Livingstonview,2025-08-07,2025-08-15,P0091,127,132.4,D00692,Nelson-Jackson,IN TRANSIT,8,0,Signed,C00066,Lost Package,502.14,REJECTED,2025-07-14,2025-07-28,Delayed by 2 days,70,61-90 days old,,,,,,False,,
S00696,W002,South Paulton,2025-04-30,2025-05-06,P0053,90,430.36,D00695,"Barron, Church and Gutierrez",DELAYED,6,0,Missing,C00153,Delay,152.73,REJECTED,2025-08-29,2025-09-14,On time,24,0-30 days old,W002,530.0,236.0,2025-08-30,2025-09-06,False,-17.0,Overdue Restock
S00698,W003,New Philip,2025-07-14,2025-07-16,P0011,200,178.63,D00697,Lane Ltd,DELAYED,2,0,Signed,C00270,Lost Package,435.56,PENDING,2025-05-19,2025-05-30,On time,126,90+ days old,W003,547.0,124.0,2025-08-11,2025-08-22,False,-32.0,Overdue Restock
S00698,W003,New Philip,2025-07-14,2025-07-16,P0011,200,178.63,D00697,Lane Ltd,DELAYED,2,0,Signed,C00270,Lost Package,435.56,PENDING,2025-05-19,2025-05-30,On time,126,90+ days old,W003,780.0,277.0,2025-08-14,2025-08-23,False,-31.0,Overdue Restock
S00699,W008,Rodriguezside,2025-08-07,2025-08-09,P0055,183,278.91,D00698,Bray-Morris,LOST,2,1,Pending,C00163,Lost Package,806.97,REJECTED,2025-05-12,2025-05-30,On time,133,90+ days old,W008,806.0,131.0,2025-07-27,2025-08-06,False,-48.0,Overdue Restock
S00700,W003,Robinsonville,2025-06-04,2025-06-13,P0064,141,358.3,D00699,"Webb, Davis and Miranda",IN TRANSIT,9,1,Signed,C00156,Damage,304.36,REJECTED,2025-08-11,2025-08-29,Delayed by 3 days,42,31-60 days old,W003,877.0,122.0,2025-07-29,2025-08-15,False,-39.0,Overdue Restock
S00700,W003,Robinsonville,2025-06-04,2025-06-13,P0064,141,358.3,D00699,"Webb, Davis and Miranda",IN TRANSIT,9,1,Signed,C00156,Damage,304.36,REJECTED,2025-08-11,2025-08-29,Delayed by 3 days,42,31-60 days old,W003,65.0,117.0,2025-08-09,2025-08-20,True,-34.0,Overdue Restock
S00704,W008,Adamsmouth,2025-05-25,2025-05-29,P0087,144,456.71,D00703,Smith and Sons,DELIVERED,4,1,Signed,C00014,Incorrect Delivery,183.64,PENDING,2025-06-14,2025-06-19,On time,100,90+ days old,W008,292.0,157.0,2025-07-15,2025-07-28,False,-57.0,Overdue Restock
S00704,W008,Adamsmouth,2025-05-25,2025-05-29,P0087,144,456.71,D00703,Smith and Sons,DELIVERED,4,1,Signed,C00014,Incorrect Delivery,183.64,PENDING,2025-06-14,2025-06-19,On time,100,90+ days old,W008,478.0,107.0,2025-08-30,2025-09-10,False,-13.0,Overdue Restock
S00704,W008,Adamsmouth,2025-05-25,2025-05-29,P0087,144,456.71,D00703,Smith and Sons,DELIVERED,4,1,Signed,C00014,Incorrect Delivery,183.64,PENDING,2025-06-14,2025-06-19,On time,100,90+ days old,W008,301.0,139.0,2025-07-28,2025-08-27,False,-27.0,Overdue Restock
S00714,W001,Tommouth,2025-07-31,2025-08-03,P0056,135,138.89,D00713,"Rodriguez, Smith and Murray",DELAYED,3,0,Signed,C00149,Incorrect Delivery,380.45,REJECTED,2025-05-30,2025-06-12,On time,115,90+ days old,W001,824.0,176.0,2025-07-17,2025-07-28,False,-57.0,Overdue Restock
S00718,W003,West Brianton,2025-05-28,2025-06-07,P0035,37,495.22,D00717,"Jordan, Cook and Alexander",DELIVERED,10,1,Missing,C00030,Lost Package,995.11,APPROVED,2025-07-20,2025-08-02,Delayed by 4 days,64,61-90 days old,W003,740.0,110.0,2025-08-10,2025-08-20,False,-34.0,Overdue Restock
S00719,W008,East Lindsayhaven,2025-06-08,2025-06-12,P0018,100,386.19,D00718,Davis-Wong,LOST,4,1,Missing,C00120,Lost Package,851.58,APPROVED,2025-06-26,2025-07-09,On time,88,61-90 days old,W008,478.0,250.0,2025-08-24,2025-09-10,False,-13.0,Overdue Restock
S00721,W005,Lake Donaldtown,2025-06-10,2025-06-12,P0018,111,239.48,D00720,Wheeler PLC,IN TRANSIT,2,1,Missing,C00246,Delay,988.1,PENDING,2025-08-30,2025-09-14,On time,23,0-30 days old,,,,,,False,,
S00729,W008,New Glennland,2025-04-03,2025-04-06,P0098,119,161.49,D00728,Walsh-Mccarthy,DELIVERED,3,1,Pending,C00227,Delay,251.0,PENDING,2025-05-28,2025-05-30,On time,117,90+ days old,W008,298.0,157.0,2025-09-03,2025-09-26,False,3.0,Restock Within 7 Days
S00732,W007,East Craigfurt,2025-08-09,2025-08-14,P0061,190,402.22,D00731,"Allen, Edwards and Jones",IN TRANSIT,5,0,Signed,C00201,Damage,689.55,PENDING,2025-05-11,2025-05-14,On time,134,90+ days old,W007,854.0,162.0,2025-08-19,2025-09-03,False,-20.0,Overdue Restock
S00758,W009,West David,2025-07-23,2025-07-26,P0022,122,387.83,D00757,Knight-Sparks,IN TRANSIT,3,0,Pending,C00194,Delay,882.88,PENDING,2025-05-18,2025-05-22,On time,127,90+ days old,W009,944.0,176.0,2025-08-08,2025-09-03,False,-20.0,Overdue Restock
S00762,W009,North Robert,2025-06-20,2025-06-26,P0039,66,183.36,D00761,"Martin, Tucker and Brown",DELIVERED,6,1,Pending,C00285,Lost Package,304.67,APPROVED,2025-06-04,2025-06-06,On time,110,90+ days old,,,,,,False,,
S00765,W005,Fitzgeraldbury,2025-04-28,2025-05-02,P0035,23,339.09,D00764,Torres-Jordan,IN TRANSIT,4,0,Pending,C00022,Delay,133.32,REJECTED,2025-04-24,2025-05-01,On time,151,90+ days old,W005,519.0,155.0,2025-08-18,2025-09-07,False,-16.0,Overdue Restock
S00771,W003,Lake Jessicaborough,2025-04-05,2025-04-11,P0003,147,345.79,D00770,Cain Ltd,LOST,6,1,Signed,C00157,Incorrect Delivery,286.43,APPROVED,2025-04-18,2025-04-26,On time,157,90+ days old,,,,,,False,,
S00779,W003,West Ronaldview,2025-07-24,2025-07-28,P0051,185,323.52,D00778,Davis-Rose,LOST,4,0,Missing,C00125,Delay,842.97,APPROVED,2025-07-13,2025-07-22,On time,71,61-90 days old,W003,698.0,232.0,2025-09-02,2025-09-12,False,-11.0,Overdue Restock
S00779,W003,West Ronaldview,2025-07-24,2025-07-28,P0051,185,323.52,D00778,Davis-Rose,LOST,4,0,Missing,C00125,Delay,842.97,APPROVED,2025-07-13,2025-07-22,On time,71,61-90 days old,W003,330.0,102.0,2025-09-09,2025-10-04,False,11.0,Restock Within 30 Days
S00779,W003,West Ronaldview,2025-07-24,2025-07-28,P0051,185,323.52,D00778,Davis-Rose,LOST,4,0,Missing,C00125,Delay,842.97,APPROVED,2025-07-13,2025-07-22,On time,71,61-90 days old,W003,633.0,278.0,2025-07-30,2025-08-08,False,-46.0,Overdue Restock
S00779,W003,West Ronaldview,2025-07-24,2025-07-28,P0051,185,323.52,D00778,Davis-Rose,LOST,4,0,Missing,C00125,Delay,842.97,APPROVED,2025-07-13,2025-07-22,On time,71,61-90 days old,W003,650.0,251.0,2025-08-03,2025-08-19,False,-35.0,Overdue Restock
S00781,W007,Jillton,2025-06-18,2025-06-21,P0093,144,111.78,D00780,Gomez-Owens,LOST,3,0,Signed,C00037,Delay,290.81,PENDING,2025-08-11,2025-08-20,On time,42,31-60 days old,,,,,,False,,
S00782,W001,Pamelaville,2025-05-24,2025-05-27,P0049,108,59.32,D00781,Murray-Gaines,IN TRANSIT,3,0,Missing,C00056,Damage,540.09,APPROVED,2025-05-18,2025-06-04,On time,127,90+ days old,W001,210.0,276.0,2025-07-29,2025-08-08,True,-46.0,Overdue Restock
S00783,W001,Steventon,2025-05-20,2025-05-22,P0017,73,396.55,D00782,Bernard Group,IN TRANSIT,2,1,Signed,C00109,Damage,940.73,REJECTED,2025-05-28,2025-06-13,On time,117,90+ days old,W001,892.0,259.0,2025-07-15,2025-07-22,False,-63.0,Overdue Restock
S00789,W009,Michaelview,2025-06-16,2025-06-19,P0003,21,96.27,D00788,Aguirre-Golden,DELIVERED,3,0,Missing,C00171,Incorrect Delivery,402.86,APPROVED,2025-06-13,2025-06-15,On time,101,90+ days old,,,,,,False,,
S00794,W005,Millerfurt,2025-04-14,2025-04-21,P0010,167,200.18,D00793,"Richards, Dixon and Love",DELAYED,7,0,Signed,C00297,Incorrect Delivery,299.6,PENDING,2025-07-25,2025-07-28,Delayed by 1 day,59,31-60 days old,,,,,,False,,
S00796,W007,West Daniel,2025-04-08,2025-04-18,P0043,163,131.61,D00795,Taylor-Jacobson,DELAYED,10,1,Pending,C00025,Damage,234.67,APPROVED,2025-06-10,2025-06-16,Delayed by 4 days,104,90+ days old,W007,589.0,297.0,2025-08-02,2025-08-27,False,-27.0,Overdue Restock
S00801,W008,Robertmouth,2025-07-16,2025-07-19,P0015,157,242.35,D00800,Garcia Inc,DELIVERED,3,0,Missing,C00254,Damage,427.68,APPROVED,2025-04-28,2025-05-17,On time,147,90+ days old,W008,523.0,119.0,2025-08-12,2025-08-26,False,-28.0,Overdue Restock
S00801,W008,Robertmouth,2025-07-16,2025-07-19,P0015,157,242.35,D00800,Garcia Inc,DELIVERED,3,0,Missing,C00254,Damage,427.68,APPROVED,2025-04-28,2025-05-17,On time,147,90+ days old,W008,39.0,208.0,2025-09-01,2025-09-23,True,0.0,Restock Due Today
S00804,W008,Georgeview,2025-04-24,2025-05-02,P0078,172,200.06,D00803,Skinner PLC,DELAYED,8,1,Signed,C00252,Damage,575.16,REJECTED,2025-08-05,2025-08-19,Delayed by 2 days,48,31-60 days old,W008,723.0,147.0,2025-08-16,2025-09-07,False,-16.0,Overdue Restock
S00806,W009,East Michaelmouth,2025-04-12,2025-04-21,P0069,147,419.63,D00805,"Williamson, Reynolds and Fields",IN TRANSIT,9,1,Signed,C00281,Lost Package,948.67,REJECTED,2025-06-27,2025-06-29,Delayed by 3 days,87,61-90 days old,,,,,,False,,
S00819,W005,Port Annette,2025-06-04,2025-06-13,P0053,194,201.8,D00818,"Foley, Gordon and Bailey",DELIVERED,9,0,Missing,C00170,Incorrect Delivery,888.3,PENDING,2025-08-06,2025-08-12,Delayed by 3 days,47,31-60 days old,,,,,,False,,
S00825,W003,Jamesland,2025-06-23,2025-06-28,P0052,168,75.2,D00824,Bennett-Ruiz,LOST,5,0,Pending,C00032,Delay,744.11,REJECTED,2025-05-16,2025-06-05,On time,129,90+ days old,W003,686.0,101.0,2025-08-19,2025-09-09,False,-14.0,Overdue Restock
S00831,W009,East Jessicamouth,2025-08-01,2025-08-04,P0009,64,318.7,D00830,Porter Ltd,DELIVERED,3,1,Pending,C00295,Damage,291.9,REJECTED,2025-06-21,2025-06-24,On time,93,90+ days old,W009,277.0,241.0,2025-09-06,2025-09-30,False,7.0,Restock Within 7 Days
S00831,W009,East Jessicamouth,2025-08-01,2025-08-04,P0009,64,318.7,D00830,Porter Ltd,DELIVERED,3,1,Pending,C00295,Damage,291.9,REJECTED,2025-06-21,2025-06-24,On time,93,90+ days old,W009,346.0,163.0,2025-09-09,2025-09-27,False,4.0,Restock Within 7 Days
S00834,W010,East Jaredfort,2025-06-21,2025-06-23,P0073,133,70.56,D00833,"Stafford, Campos and Fisher",DELAYED,2,0,Pending,C00085,Incorrect Delivery,444.0,REJECTED,2025-08-15,2025-08-25,On time,38,31-60 days old,W010,383.0,117.0,2025-07-20,2025-08-01,False,-53.0,Overdue Restock
S00835,W006,Carlshire,2025-08-04,2025-08-07,P0040,12,491.24,D00834,Brown LLC,DELIVERED,3,1,Missing,C00101,Damage,973.46,APPROVED,2025-05-22,2025-05-31,On time,123,90+ days old,W006,166.0,219.0,2025-08-15,2025-09-08,True,-15.0,Overdue Restock
S00835,W006,Carlshire,2025-08-04,2025-08-07,P0040,12,491.24,D00834,Brown LLC,DELIVERED,3,1,Missing,C00101,Damage,973.46,APPROVED,2025-05-22,2025-05-31,On time,123,90+ days old,W006,463.0,211.0,2025-07-11,2025-08-04,False,-50.0,Overdue Restock
S00835,W006,Carlshire,2025-08-04,2025-08-07,P0040,12,491.24,D00834,Brown LLC,DELIVERED,3,1,Missing,C00101,Damage,973.46,APPROVED,2025-05-22,2025-05-31,On time,123,90+ days old,W006,103.0,284.0,2025-07-18,2025-07-27,True,-58.0,Overdue Restock
S00836,W005,Davischester,2025-07-13,2025-07-21,P0065,59,191.51,D00835,Johnson Ltd,DELAYED,8,0,Missing,C00228,Damage,113.41,PENDING,2025-04-16,2025-04-22,Delayed by 2 days,159,90+ days old,W005,687.0,111.0,2025-07-19,2025-08-14,False,-40.0,Overdue Restock
S00837,W007,Robertside,2025-06-08,2025-06-15,P0017,189,353.61,D00836,Alexander LLC,DELAYED,7,0,Signed,C00241,Lost Package,949.11,REJECTED,2025-04-24,2025-05-13,Delayed by 1 day,151,90+ days old,W007,775.0,103.0,2025-07-13,2025-07-25,False,-60.0,Overdue Restock
S00837,W007,Robertside,2025-06-08,2025-06-15,P0017,189,353.61,D00836,Alexander LLC,DELAYED,7,0,Signed,C00241,Lost Package,949.11,REJECTED,2025-04-24,2025-05-13,Delayed by 1 day,151,90+ days old,W007,325.0,295.0,2025-07-24,2025-08-04,False,-50.0,Overdue Restock
S00840,W001,Troymouth,2025-04-23,2025-04-29,P0021,48,357.07,D00839,Zhang PLC,IN TRANSIT,6,0,Pending,C00094,Delay,195.12,APPROVED,2025-06-25,2025-06-27,On time,89,61-90 days old,,,,,,False,,
S00840,W001,Troymouth,2025-04-23,2025-04-29,P0021,48,357.07,D00839,Zhang PLC,IN TRANSIT,6,0,Pending,C00211,Lost Package,719.59,APPROVED,2025-04-13,2025-05-03,On time,162,90+ days old,,,,,,False,,
S00841,W002,Port Aaronview,2025-05-08,2025-05-11,P0092,69,447.98,D00840,"Gonzalez, King and Kim",LOST,3,0,Missing,C00133,Delay,743.26,PENDING,2025-07-17,2025-07-25,On time,67,61-90 days old,W002,795.0,255.0,2025-07-19,2025-08-15,False,-39.0,Overdue Restock
S00841,W002,Port Aaronview,2025-05-08,2025-05-11,P0092,69,447.98,D00840,"Gonzalez, King and Kim",LOST,3,0,Missing,C00286,Delay,279.65,PENDING,2025-08-24,2025-09-08,On time,29,0-30 days old,W002,795.0,255.0,2025-07-19,2025-08-15,False,-39.0,Overdue Restock
S00842,W003,Martinezport,2025-05-31,2025-06-04,P0065,142,496.53,D00841,Perez-Harmon,IN TRANSIT,4,1,Missing,C00082,Incorrect Delivery,936.33,APPROVED,2025-06-16,2025-07-06,On time,98,90+ days old,,,,,,False,,
S00844,W003,North David,2025-05-03,2025-05-10,P0038,102,330.56,D00843,Miller Inc,DELAYED,7,0,Missing,C00034,Damage,798.73,PENDING,2025-08-16,2025-08-31,Delayed by 1 day,37,31-60 days old,,,,,,False,,
S00848,W005,West Williamshire,2025-03-14,2025-03-24,P0012,137,92.35,D00847,Lopez-Blair,LOST,10,1,Missing,C00045,Damage,299.65,REJECTED,2025-08-18,2025-08-28,Delayed by 4 days,35,31-60 days old,W005,885.0,135.0,2025-08-15,2025-08-30,False,-24.0,Overdue Restock
S00848,W005,West Williamshire,2025-03-14,2025-03-24,P0012,137,92.35,D00847,Lopez-Blair,LOST,10,1,Missing,C00045,Damage,299.65,REJECTED,2025-08-18,2025-08-28,Delayed by 4 days,35,31-60 days old,W005,525.0,297.0,2025-08-31,2025-09-13,False,-10.0,Overdue Restock
S00851,W008,North Joseph,2025-05-31,2025-06-06,P0061,75,393.42,D00850,"Castaneda, Solis and Gonzales",DELAYED,6,1,Missing,C00072,Delay,729.53,APPROVED,2025-04-17,2025-04-18,On time,158,90+ days old,,,,,,False,,
S00853,W006,New Jamesburgh,2025-08-06,2025-08-12,P0052,114,435.65,D00852,"Evans, Wilson and Hall",DELAYED,6,1,Missing,C00239,Damage,131.38,PENDING,2025-04-26,2025-04-27,On time,149,90+ days old,,,,,,False,,
S00859,W002,North Jeffery,2025-06-16,2025-06-21,P0050,128,351.12,D00858,Gardner Inc,LOST,5,1,Pending,C00070,Incorrect Delivery,900.67,APPROVED,2025-08-25,2025-08-30,On time,28,0-30 days old,W002,328.0,260.0,2025-07-13,2025-08-05,False,-49.0,Overdue Restock
S00860,W006,Port Jacob,2025-06-27,2025-07-06,P0060,174,290.8,D00859,"Ruiz, Lowery and Baker",LOST,9,0,Missing,C00031,Damage,829.42,REJECTED,2025-06-10,2025-06-11,Delayed by 3 days,104,90+ days old,W006,362.0,209.0,2025-08-18,2025-09-08,False,-15.0,Overdue Restock
S00860,W006,Port Jacob,2025-06-27,2025-07-06,P0060,174,290.8,D00859,"Ruiz, Lowery and Baker",LOST,9,0,Missing,C00219,Incorrect Delivery,712.92,APPROVED,2025-05-10,2025-05-23,Delayed by 3 days,135,90+ days old,W006,362.0,209.0,2025-08-18,2025-09-08,False,-15.0,Overdue Restock
S00862,W007,North Timothy,2025-05-10,2025-05-18,P0026,112,197.92,D00861,Gonzalez-Barron,LOST,8,1,Pending,C00095,Delay,694.68,REJECTED,2025-08-04,2025-08-05,Delayed by 2 days,49,31-60 days old,W007,210.0,297.0,2025-09-07,2025-09-26,True,3.0,Restock Within 7 Days
S00863,W006,Donmouth,2025-07-05,2025-07-12,P0078,134,145.69,D00862,Taylor PLC,DELIVERED,7,0,Missing,C00208,Incorrect Delivery,410.81,PENDING,2025-05-28,2025-06-06,Delayed by 1 day,117,90+ days old,,,,,,False,,
S00866,W010,West David,2025-04-05,2025-04-07,P0077,107,78.08,D00865,"Strong, Warner and Cannon",DELAYED,2,1,Missing,C00141,Damage,523.04,REJECTED,2025-05-30,2025-06-15,On time,115,90+ days old,,,,,,False,,
S00869,W002,North Antonio,2025-07-17,2025-07-21,P0009,80,232.28,D00868,Clay Group,DELIVERED,4,1,Missing,C00205,Delay,892.99,PENDING,2025-05-21,2025-05-23,On time,124,90+ days old,,,,,,False,,
S00879,W009,East Samanthafort,2025-05-21,2025-05-23,P0058,42,335.43,D00878,Miles-Dunn,LOST,2,1,Missing,C00206,Damage,563.23,REJECTED,2025-07-26,2025-08-08,On time,58,31-60 days old,W009,849.0,261.0,2025-07-23,2025-08-20,False,-34.0,Overdue Restock
S00879,W009,East Samanthafort,2025-05-21,2025-05-23,P0058,42,335.43,D00878,Miles-Dunn,LOST,2,1,Missing,C00206,Damage,563.23,REJECTED,2025-07-26,2025-08-08,On time,58,31-60 days old,W009,572.0,266.0,2025-08-30,2025-09-07,False,-16.0,Overdue Restock
S00888,W010,Perezchester,2025-05-06,2025-05-10,P0070,121,221.7,D00887,Anderson-Sanders,IN TRANSIT,4,1,Signed,C00144,Incorrect Delivery,515.55,REJECTED,2025-06-28,2025-07-03,On time,86,61-90 days old,W010,338.0,105.0,2025-08-27,2025-09-10,False,-13.0,Overdue Restock
S00888,W010,Perezchester,2025-05-06,2025-05-10,P0070,121,221.7,D00887,Anderson-Sanders,IN TRANSIT,4,1,Signed,C00144,Incorrect Delivery,515.55,REJECTED,2025-06-28,2025-07-03,On time,86,61-90 days old,W010,20.0,284.0,2025-08-19,2025-08-26,True,-28.0,Overdue Restock
S00888,W010,Perezchester,2025-05-06,2025-05-10,P0070,121,221.7,D00887,Anderson-Sanders,IN TRANSIT,4,1,Signed,C00188,Damage,515.08,APPROVED,2025-08-15,2025-08-21,On time,38,31-60 days old,W010,338.0,105.0,2025-08-27,2025-09-10,False,-13.0,Overdue Restock
S00888,W010,Perezchester,2025-05-06,2025-05-10,P0070,121,221.7,D00887,Anderson-Sanders,IN TRANSIT,4,1,Signed,C00188,Damage,515.08,APPROVED,2025-08-15,2025-08-21,On time,38,31-60 days old,W010,20.0,284.0,2025-08-19,2025-08-26,True,-28.0,Overdue Restock
S00893,W010,Lake Saraburgh,2025-03-23,2025-03-25,P0086,84,433.27,D00892,"Sanchez, Orozco and Flores",IN TRANSIT,2,0,Missing,C00009,Damage,120.56,PENDING,2025-08-29,2025-09-17,On time,24,0-30 days old,W010,141.0,255.0,2025-09-08,2025-09-23,True,0.0,Restock Due Today
S00893,W010,Lake Saraburgh,2025-03-23,2025-03-25,P0086,84,433.27,D00892,"Sanchez, Orozco and Flores",IN TRANSIT,2,0,Missing,C00009,Damage,120.56,PENDING,2025-08-29,2025-09-17,On time,24,0-30 days old,W010,733.0,124.0,2025-08-24,2025-09-15,False,-8.0,Overdue Restock
S00893,W010,Lake Saraburgh,2025-03-23,2025-03-25,P0086,84,433.27,D00892,"Sanchez, Orozco and Flores",IN TRANSIT,2,0,Missing,C00300,Delay,478.61,PENDING,2025-07-06,2025-07-19,On time,78,61-90 days old,W010,141.0,255.0,2025-09-08,2025-09-23,True,0.0,Restock Due Today
S00893,W010,Lake Saraburgh,2025-03-23,2025-03-25,P0086,84,433.27,D00892,"Sanchez, Orozco and Flores",IN TRANSIT,2,0,Missing,C00300,Delay,478.61,PENDING,2025-07-06,2025-07-19,On time,78,61-90 days old,W010,733.0,124.0,2025-08-24,2025-09-15,False,-8.0,Overdue Restock
S00896,W008,Ramirezshire,2025-07-04,2025-07-12,P0083,190,403.09,D00895,Skinner PLC,IN TRANSIT,8,1,Missing,C00182,Damage,255.6,REJECTED,2025-06-13,2025-06-25,Delayed by 2 days,101,90+ days old,,,,,,False,,
S00896,W008,Ramirezshire,2025-07-04,2025-07-12,P0083,190,403.09,D00895,Skinner PLC,IN TRANSIT,8,1,Missing,C00215,Incorrect Delivery,823.51,REJECTED,2025-07-16,2025-08-04,Delayed by 2 days,68,61-90 days old,,,,,,False,,
S00899,W001,Dylanmouth,2025-03-31,2025-04-08,P0005,13,61.81,D00898,Johnson and Sons,DELIVERED,8,0,Signed,C00289,Lost Package,605.6,APPROVED,2025-05-27,2025-06-06,Delayed by 2 days,118,90+ days old,,,,,,False,,
S00903,W007,Ericville,2025-08-05,2025-08-09,P0052,91,282.77,D00902,Brown PLC,DELIVERED,4,0,Pending,C00258,Lost Package,509.1,REJECTED,2025-05-17,2025-06-03,On time,128,90+ days old,,,,,,False,,
S00905,W009,West Ebony,2025-06-14,2025-06-17,P0081,157,402.93,D00904,Wallace-Walker,DELIVERED,3,1,Pending,C00092,Incorrect Delivery,863.31,REJECTED,2025-07-14,2025-07-19,On time,70,61-90 days old,,,,,,False,,
S00909,W002,Johnsonburgh,2025-06-27,2025-07-05,P0004,200,380.38,D00908,Livingston-Solomon,DELAYED,8,1,Pending,C00277,Lost Package,104.55,PENDING,2025-06-05,2025-06-21,Delayed by 2 days,109,90+ days old,,,,,,False,,
S00911,W004,Taylorfurt,2025-06-13,2025-06-19,P0025,147,428.21,D00910,"Hamilton, Patterson and Daniel",LOST,6,1,Signed,C00229,Damage,114.65,REJECTED,2025-06-01,2025-06-18,On time,113,90+ days old,W004,498.0,255.0,2025-08-31,2025-09-30,False,7.0,Restock Within 7 Days
S00918,W002,Oscarchester,2025-05-17,2025-05-22,P0088,117,218.86,D00917,Lutz PLC,DELIVERED,5,1,Pending,C00132,Delay,421.97,REJECTED,2025-06-01,2025-06-07,On time,113,90+ days old,W002,362.0,116.0,2025-07-18,2025-08-17,False,-37.0,Overdue Restock
S00919,W006,Robertton,2025-07-17,2025-07-26,P0021,56,184.44,D00918,Morgan-Foster,DELAYED,9,0,Missing,C00142,Damage,795.16,PENDING,2025-08-19,2025-08-28,Delayed by 3 days,34,31-60 days old,W006,102.0,274.0,2025-08-27,2025-09-08,True,-15.0,Overdue Restock
S00920,W003,East Jimmy,2025-05-10,2025-05-12,P0016,97,497.18,D00919,"Hill, Adams and King",IN TRANSIT,2,1,Signed,C00235,Lost Package,935.7,REJECTED,2025-06-26,2025-07-04,On time,88,61-90 days old,W003,294.0,170.0,2025-08-03,2025-08-25,False,-29.0,Overdue Restock
S00920,W003,East Jimmy,2025-05-10,2025-05-12,P0016,97,497.18,D00919,"Hill, Adams and King",IN TRANSIT,2,1,Signed,C00235,Lost Package,935.7,REJECTED,2025-06-26,2025-07-04,On time,88,61-90 days old,W003,657.0,205.0,2025-08-07,2025-08-27,False,-27.0,Overdue Restock
S00925,W004,West Nicholasfurt,2025-05-12,2025-05-15,P0094,187,472.93,D00924,"Richard, Robinson and Brown",DELAYED,3,0,Pending,C00243,Damage,492.32,REJECTED,2025-08-28,2025-09-10,On time,25,0-30 days old,W004,76.0,183.0,2025-07-25,2025-08-06,True,-48.0,Overdue Restock
S00927,W006,Shawmouth,2025-04-12,2025-04-22,P0084,85,260.17,D00926,"Edwards, Brown and White",IN TRANSIT,10,1,Missing,C00114,Damage,811.1,APPROVED,2025-07-09,2025-07-13,Delayed by 4 days,75,61-90 days old,W006,495.0,254.0,2025-08-24,2025-09-07,False,-16.0,Overdue Restock
S00932,W008,New Matthewland,2025-06-28,2025-07-06,P0058,118,318.35,D00931,"Stewart, Tran and Perez",LOST,8,1,Signed,C00137,Delay,424.28,APPROVED,2025-04-21,2025-05-01,Delayed by 2 days,154,90+ days old,W008,156.0,136.0,2025-08-10,2025-09-09,False,-14.0,Overdue Restock
S00932,W008,New Matthewland,2025-06-28,2025-07-06,P0058,118,318.35,D00931,"Stewart, Tran and Perez",LOST,8,1,Signed,C00231,Damage,557.13,REJECTED,2025-05-04,2025-05-24,Delayed by 2 days,141,90+ days old,W008,156.0,136.0,2025-08-10,2025-09-09,False,-14.0,Overdue Restock
S00939,W004,Michaelton,2025-06-20,2025-06-27,P0048,47,400.78,D00938,Johnson PLC,DELIVERED,7,1,Pending,C00245,Lost Package,369.18,PENDING,2025-09-05,2025-09-08,Delayed by 1 day,17,0-30 days old,W004,370.0,187.0,2025-08-09,2025-09-01,False,-22.0,Overdue Restock
S00939,W004,Michaelton,2025-06-20,2025-06-27,P0048,47,400.78,D00938,Johnson PLC,DELIVERED,7,1,Pending,C00245,Lost Package,369.18,PENDING,2025-09-05,2025-09-08,Delayed by 1 day,17,0-30 days old,W004,577.0,192.0,2025-07-16,2025-08-14,False,-40.0,Overdue Restock
S00948,W007,East Erikberg,2025-03-16,2025-03-21,P0074,15,178.27,D00947,"Hernandez, Farmer and Banks",LOST,5,0,Missing,C00274,Lost Package,469.01,PENDING,2025-07-30,2025-08-14,On time,54,31-60 days old,W007,800.0,150.0,2025-07-15,2025-07-26,False,-59.0,Overdue Restock
S00948,W007,East Erikberg,2025-03-16,2025-03-21,P0074,15,178.27,D00947,"Hernandez, Farmer and Banks",LOST,5,0,Missing,C00294,Delay,979.66,PENDING,2025-06-25,2025-07-05,On time,89,61-90 days old,W007,800.0,150.0,2025-07-15,2025-07-26,False,-59.0,Overdue Restock
S00955,W008,New Elizabethshire,2025-08-08,2025-08-11,P0048,168,96.23,D00954,Hall-Edwards,DELAYED,3,0,Missing,C00105,Damage,585.19,PENDING,2025-06-04,2025-06-05,On time,110,90+ days old,,,,,,False,,
S00957,W006,Port Lindsaymouth,2025-07-02,2025-07-10,P0029,53,89.61,D00956,"Rosario, Ortiz and Miller",LOST,8,0,Signed,C00261,Delay,946.67,APPROVED,2025-09-09,2025-09-21,Delayed by 2 days,13,0-30 days old,W006,454.0,282.0,2025-08-02,2025-08-18,False,-36.0,Overdue Restock
S00957,W006,Port Lindsaymouth,2025-07-02,2025-07-10,P0029,53,89.61,D00956,"Rosario, Ortiz and Miller",LOST,8,0,Signed,C00261,Delay,946.67,APPROVED,2025-09-09,2025-09-21,Delayed by 2 days,13,0-30 days old,W006,65.0,256.0,2025-09-03,2025-09-19,True,-4.0,Overdue Restock
S00965,W008,Lake Samanthabury,2025-04-29,2025-05-05,P0042,197,267.22,D00964,Yoder Group,IN TRANSIT,6,1,Pending,C00038,Damage,899.29,PENDING,2025-08-09,2025-08-10,On time,44,31-60 days old,W008,778.0,159.0,2025-07-12,2025-08-11,False,-43.0,Overdue Restock
S00965,W008,Lake Samanthabury,2025-04-29,2025-05-05,P0042,197,267.22,D00964,Yoder Group,IN TRANSIT,6,1,Pending,C00038,Damage,899.29,PENDING,2025-08-09,2025-08-10,On time,44,31-60 days old,W008,139.0,284.0,2025-09-07,2025-09-23,True,0.0,Restock Due Today
S00966,W002,Parkerstad,2025-07-22,2025-07-28,P0099,85,370.12,D00965,Jackson Group,DELAYED,6,1,Signed,C00112,Incorrect Delivery,698.13,PENDING,2025-05-02,2025-05-11,On time,143,90+ days old,,,,,,False,,
S00970,W002,South Crystal,2025-08-06,2025-08-13,P0027,161,392.72,D00969,"Jackson, Jones and Robertson",DELIVERED,7,0,Missing,C00103,Lost Package,569.75,REJECTED,2025-09-03,2025-09-11,Delayed by 1 day,19,0-30 days old,W002,34.0,135.0,2025-07-20,2025-07-27,True,-58.0,Overdue Restock
S00988,W005,Williamsonview,2025-04-08,2025-04-17,P0027,53,403.58,D00987,"Clark, Stone and Andrews",IN TRANSIT,9,1,Pending,C00168,Delay,273.06,REJECTED,2025-05-01,2025-05-21,Delayed by 3 days,144,90+ days old,W005,945.0,287.0,2025-07-28,2025-08-23,False,-31.0,Overdue Restock
S00993,W003,South Melissa,2025-07-05,2025-07-12,P0059,46,483.01,D00992,Davis PLC,IN TRANSIT,7,0,Missing,C00062,Damage,831.7,APPROVED,2025-05-21,2025-06-02,Delayed by 1 day,124,90+ days old,W003,15.0,142.0,2025-07-15,2025-07-25,True,-60.0,Overdue Restock
S00993,W003,South Melissa,2025-07-05,2025-07-12,P0059,46,483.01,D00992,Davis PLC,IN TRANSIT,7,0,Missing,C00062,Damage,831.7,APPROVED,2025-05-21,2025-06-02,Delayed by 1 day,124,90+ days old,W003,302.0,128.0,2025-08-16,2025-09-14,False,-9.0,Overdue Restock
S00994,W008,Port Justin,2025-07-20,2025-07-28,P0043,15,129.88,D00993,"Fischer, Johnson and Orr",LOST,8,1,Missing,C00063,Lost Package,542.83,PENDING,2025-04-10,2025-04-23,Delayed by 2 days,165,90+ days old,W008,96.0,115.0,2025-07-23,2025-08-18,True,-36.0,Overdue Restock
S00994,W008,Port Justin,2025-07-20,2025-07-28,P0043,15,129.88,D00993,"Fischer, Johnson and Orr",LOST,8,1,Missing,C00063,Lost Package,542.83,PENDING,2025-04-10,2025-04-23,Delayed by 2 days,165,90+ days old,W008,806.0,215.0,2025-08-09,2025-09-07,False,-16.0,Overdue Restock
S00998,W010,Millerfort,2025-04-05,2025-04-11,P0030,144,276.42,D00997,Phillips-Rodriguez,DELIVERED,6,0,Signed,C00059,Lost Package,733.87,APPROVED,2025-07-19,2025-07-22,On time,65,61-90 days old,W010,725.0,251.0,2025-07-17,2025-08-12,False,-42.0,Overdue Restock
S01000,W006,Lake Patrick,2025-06-01,2025-06-10,P0063,198,207.85,D00999,Baker-Lin,DELIVERED,9,0,Signed,C00099,Incorrect Delivery,966.27,REJECTED,2025-06-06,2025-06-24,Delayed by 3 days,108,90+ days old,W006,685.0,289.0,2025-08-20,2025-09-14,False,-9.0,Overdue Restock
